[16:20:40.214] [32mINFO[39m (38344): [36mServer listening[39m
    [35mport[39m: 8080
[16:21:14.141] [32mINFO[39m (38344): [36mrequest completed[39m
    [35mreq[39m: {
      "id": 1,
      "method": "GET",
      "url": "/api/auth/status"
    }
    [35mres[39m: {
      "statusCode": 200
    }
    [35mresponseTime[39m: 4
[16:22:13.815] [32mINFO[39m (38344): [36mrequest completed[39m
    [35mreq[39m: {
      "id": 2,
      "method": "GET",
      "url": "/api/auth/status"
    }
    [35mres[39m: {
      "statusCode": 200
    }
    [35mresponseTime[39m: 1
[16:23:02.038] [32mINFO[39m (38344): [36mrequest completed[39m
    [35mreq[39m: {
      "id": 3,
      "method": "POST",
      "url": "/api/auth/login"
    }
    [35mres[39m: {
      "statusCode": 200
    }
    [35mresponseTime[39m: 5
[16:23:02.903] [32mINFO[39m (38344): [36mrequest completed[39m
    [35mreq[39m: {
      "id": 4,
      "method": "POST",
      "url": "/api/clinics/4/accounts/9/frozen"
    }
    [35mres[39m: {
      "statusCode": 200
    }
    [35mresponseTime[39m: 847
[16:23:09.352] [32mINFO[39m (38344): [36mrequest completed[39m
    [35mreq[39m: {
      "id": 5,
      "method": "POST",
      "url": "/api/auth/login"
    }
    [35mres[39m: {
      "statusCode": 423
    }
    [35mresponseTime[39m: 412
[16:23:09.533] [32mINFO[39m (38344): [36mrequest completed[39m
    [35mreq[39m: {
      "id": 6,
      "method": "GET",
      "url": "/api/auth/status"
    }
    [35mres[39m: {
      "statusCode": 200
    }
    [35mresponseTime[39m: 1
[16:23:09.670] [32mINFO[39m (38344): [36mrequest completed[39m
    [35mreq[39m: {
      "id": 7,
      "method": "POST",
      "url": "/api/clinics/4/accounts/9/frozen"
    }
    [35mres[39m: {
      "statusCode": 200
    }
    [35mresponseTime[39m: 134
[16:23:09.672] [32mINFO[39m (38344): [36mrequest completed[39m
    [35mreq[39m: {
      "id": 8,
      "method": "GET",
      "url": "/api/auth/status"
    }
    [35mres[39m: {
      "statusCode": 200
    }
    [35mresponseTime[39m: 1
[16:23:09.681] [32mINFO[39m (38344): [36mrequest completed[39m
    [35mreq[39m: {
      "id": 9,
      "method": "GET",
      "url": "/api/patients"
    }
    [35mres[39m: {
      "statusCode": 401
    }
    [35mresponseTime[39m: 0
[16:23:09.866] [32mINFO[39m (38344): [36mrequest completed[39m
    [35mreq[39m: {
      "id": 10,
      "method": "POST",
      "url": "/api/auth/login"
    }
    [35mres[39m: {
      "statusCode": 423
    }
    [35mresponseTime[39m: 181
[16:23:10.010] [32mINFO[39m (38344): [36mrequest completed[39m
    [35mreq[39m: {
      "id": 11,
      "method": "PUT",
      "url": "/api/clinics/4"
    }
    [35mres[39m: {
      "statusCode": 200
    }
    [35mresponseTime[39m: 142
[16:23:10.140] [32mINFO[39m (38344): [36mrequest completed[39m
    [35mreq[39m: {
      "id": 12,
      "method": "GET",
      "url": "/api/clinics"
    }
    [35mres[39m: {
      "statusCode": 200
    }
    [35mresponseTime[39m: 129
[16:23:14.123] [32mINFO[39m (38344): [36mrequest completed[39m
    [35mreq[39m: {
      "id": 13,
      "method": "GET",
      "url": "/api/auth/status"
    }
    [35mres[39m: {
      "statusCode": 200
    }
    [35mresponseTime[39m: 1
[16:23:39.299] [32mINFO[39m (38344): [36mrequest completed[39m
    [35mreq[39m: {
      "id": 14,
      "method": "POST",
      "url": "/api/auth/login"
    }
    [35mres[39m: {
      "statusCode": 200
    }
    [35mresponseTime[39m: 1
[16:23:39.581] [32mINFO[39m (38344): [36mrequest completed[39m
    [35mreq[39m: {
      "id": 15,
      "method": "PUT",
      "url": "/api/clinics/4"
    }
    [35mres[39m: {
      "statusCode": 200
    }
    [35mresponseTime[39m: 247
[16:23:39.721] [32mINFO[39m (38344): [36mrequest completed[39m
    [35mreq[39m: {
      "id": 16,
      "method": "POST",
      "url": "/api/clinics/4/accounts/9/frozen"
    }
    [35mres[39m: {
      "statusCode": 200
    }
    [35mresponseTime[39m: 109
[16:23:46.069] [32mINFO[39m (38344): [36mrequest completed[39m
    [35mreq[39m: {
      "id": 17,
      "method": "POST",
      "url": "/api/auth/login"
    }
    [35mres[39m: {
      "statusCode": 200
    }
    [35mresponseTime[39m: 334
[16:23:46.468] [32mINFO[39m (38344): [36mrequest completed[39m
    [35mreq[39m: {
      "id": 18,
      "method": "GET",
      "url": "/api/auth/status"
    }
    [35mres[39m: {
      "statusCode": 200
    }
    [35mresponseTime[39m: 386
[16:23:46.608] [32mINFO[39m (38344): [36mrequest completed[39m
    [35mreq[39m: {
      "id": 19,
      "method": "POST",
      "url": "/api/clinics/4/accounts/9/frozen"
    }
    [35mres[39m: {
      "statusCode": 200
    }
    [35mresponseTime[39m: 134
[16:23:46.717] [32mINFO[39m (38344): [36mrequest completed[39m
    [35mreq[39m: {
      "id": 20,
      "method": "GET",
      "url": "/api/auth/status"
    }
    [35mres[39m: {
      "statusCode": 423
    }
    [35mresponseTime[39m: 107
[16:23:46.738] [32mINFO[39m (38344): [36mrequest completed[39m
    [35mreq[39m: {
      "id": 21,
      "method": "GET",
      "url": "/api/patients"
    }
    [35mres[39m: {
      "statusCode": 423
    }
    [35mresponseTime[39m: 1
[16:24:13.821] [32mINFO[39m (38344): [36mrequest completed[39m
    [35mreq[39m: {
      "id": 22,
      "method": "GET",
      "url": "/api/auth/status"
    }
    [35mres[39m: {
      "statusCode": 200
    }
    [35mresponseTime[39m: 0
[16:25:00.087] [32mINFO[39m (38344): [36mrequest completed[39m
    [35mreq[39m: {
      "id": 23,
      "method": "GET",
      "url": "/api/auth/status"
    }
    [35mres[39m: {
      "statusCode": 200
    }
    [35mresponseTime[39m: 1
[16:25:04.819] [32mINFO[39m (38344): [36mrequest completed[39m
    [35mreq[39m: {
      "id": 24,
      "method": "GET",
      "url": "/api/auth/status"
    }
    [35mres[39m: {
      "statusCode": 200
    }
    [35mresponseTime[39m: 1
[16:25:07.530] [32mINFO[39m (38344): [36mrequest completed[39m
    [35mreq[39m: {
      "id": 25,
      "method": "GET",
      "url": "/api/auth/status"
    }
    [35mres[39m: {
      "statusCode": 200
    }
    [35mresponseTime[39m: 0
[16:25:07.531] [32mINFO[39m (38344): [36mrequest completed[39m
    [35mreq[39m: {
      "id": 26,
      "method": "GET",
      "url": "/api/auth/me"
    }
    [35mres[39m: {
      "statusCode": 401
    }
    [35mresponseTime[39m: 0
[16:25:10.682] [32mINFO[39m (38344): [36mrequest completed[39m
    [35mreq[39m: {
      "id": 27,
      "method": "POST",
      "url": "/api/auth/login"
    }
    [35mres[39m: {
      "statusCode": 200
    }
    [35mresponseTime[39m: 2
[16:25:10.695] [32mINFO[39m (38344): [36mrequest completed[39m
    [35mreq[39m: {
      "id": 28,
      "method": "GET",
      "url": "/api/auth/me"
    }
    [35mres[39m: {
      "statusCode": 200
    }
    [35mresponseTime[39m: 1
[16:25:10.733] [32mINFO[39m (38344): [36mrequest completed[39m
    [35mreq[39m: {
      "id": 29,
      "method": "GET",
      "url": "/api/auth/status"
    }
    [35mres[39m: {
      "statusCode": 200
    }
    [35mresponseTime[39m: 1
[16:25:14.183] [32mINFO[39m (38344): [36mrequest completed[39m
    [35mreq[39m: {
      "id": 30,
      "method": "GET",
      "url": "/api/auth/status"
    }
    [35mres[39m: {
      "statusCode": 200
    }
    [35mresponseTime[39m: 1
[16:25:15.016] [32mINFO[39m (38344): [36mrequest completed[39m
    [35mreq[39m: {
      "id": 31,
      "method": "GET",
      "url": "/api/clinics"
    }
    [35mres[39m: {
      "statusCode": 200
    }
    [35mresponseTime[39m: 519
[16:25:18.615] [32mINFO[39m (38344): [36mrequest completed[39m
    [35mreq[39m: {
      "id": 32,
      "method": "GET",
      "url": "/api/clinics/4/accounts"
    }
    [35mres[39m: {
      "statusCode": 200
    }
    [35mresponseTime[39m: 248
[16:25:20.185] [32mINFO[39m (38344): [36mrequest completed[39m
    [35mreq[39m: {
      "id": 33,
      "method": "GET",
      "url": "/api/auth/status"
    }
    [35mres[39m: {
      "statusCode": 200
    }
    [35mresponseTime[39m: 1
[16:25:26.502] [32mINFO[39m (38344): [36mrequest completed[39m
    [35mreq[39m: {
      "id": 34,
      "method": "GET",
      "url": "/api/auth/status"
    }
    [35mres[39m: {
      "statusCode": 200
    }
    [35mresponseTime[39m: 1
[16:25:32.191] [32mINFO[39m (38344): [36mrequest completed[39m
    [35mreq[39m: {
      "id": 35,
      "method": "GET",
      "url": "/api/auth/status"
    }
    [35mres[39m: {
      "statusCode": 200
    }
    [35mresponseTime[39m: 2
[16:25:33.368] [32mINFO[39m (38344): [36mrequest completed[39m
    [35mreq[39m: {
      "id": 36,
      "method": "PUT",
      "url": "/api/clinics/4"
    }
    [35mres[39m: {
      "statusCode": 200
    }
    [35mresponseTime[39m: 339
[16:25:33.504] [32mINFO[39m (38344): [36mrequest completed[39m
    [35mreq[39m: {
      "id": 37,
      "method": "GET",
      "url": "/api/clinics"
    }
    [35mres[39m: {
      "statusCode": 200
    }
    [35mresponseTime[39m: 127
[16:25:36.423] [32mINFO[39m (38344): [36mrequest completed[39m
    [35mreq[39m: {
      "id": 38,
      "method": "GET",
      "url": "/api/clinics/4/accounts"
    }
    [35mres[39m: {
      "statusCode": 304
    }
    [35mresponseTime[39m: 247
[16:25:38.191] [32mINFO[39m (38344): [36mrequest completed[39m
    [35mreq[39m: {
      "id": 39,
      "method": "GET",
      "url": "/api/auth/status"
    }
    [35mres[39m: {
      "statusCode": 200
    }
    [35mresponseTime[39m: 1
[16:25:44.496] [32mINFO[39m (38344): [36mrequest completed[39m
    [35mreq[39m: {
      "id": 40,
      "method": "GET",
      "url": "/api/auth/status"
    }
    [35mres[39m: {
      "statusCode": 200
    }
    [35mresponseTime[39m: 2
[16:25:50.190] [32mINFO[39m (38344): [36mrequest completed[39m
    [35mreq[39m: {
      "id": 41,
      "method": "GET",
      "url": "/api/auth/status"
    }
    [35mres[39m: {
      "statusCode": 200
    }
    [35mresponseTime[39m: 1
[16:25:55.611] [32mINFO[39m (38344): [36mSuperadmin created clinic account[39m
    [35mreq[39m: {
      "id": 42,
      "method": "POST",
      "url": "/api/clinics/4/accounts"
    }
    [35mclinicId[39m: 4
    [35maccountId[39m: 10
[16:25:55.612] [32mINFO[39m (38344): [36mrequest completed[39m
    [35mreq[39m: {
      "id": 42,
      "method": "POST",
      "url": "/api/clinics/4/accounts"
    }
    [35mres[39m: {
      "statusCode": 201
    }
    [35mresponseTime[39m: 906
[16:25:55.848] [32mINFO[39m (38344): [36mrequest completed[39m
    [35mreq[39m: {
      "id": 43,
      "method": "GET",
      "url": "/api/clinics/4/accounts"
    }
    [35mres[39m: {
      "statusCode": 200
    }
    [35mresponseTime[39m: 225
[16:25:56.029] [32mINFO[39m (38344): [36mrequest completed[39m
    [35mreq[39m: {
      "id": 44,
      "method": "GET",
      "url": "/api/clinics"
    }
    [35mres[39m: {
      "statusCode": 200
    }
    [35mresponseTime[39m: 103
[16:25:56.502] [32mINFO[39m (38344): [36mrequest completed[39m
    [35mreq[39m: {
      "id": 45,
      "method": "GET",
      "url": "/api/auth/status"
    }
    [35mres[39m: {
      "statusCode": 200
    }
    [35mresponseTime[39m: 2
[16:26:02.190] [32mINFO[39m (38344): [36mrequest completed[39m
    [35mreq[39m: {
      "id": 46,
      "method": "GET",
      "url": "/api/auth/status"
    }
    [35mres[39m: {
      "statusCode": 200
    }
    [35mresponseTime[39m: 2
[16:26:08.499] [32mINFO[39m (38344): [36mrequest completed[39m
    [35mreq[39m: {
      "id": 47,
      "method": "GET",
      "url": "/api/auth/status"
    }
    [35mres[39m: {
      "statusCode": 200
    }
    [35mresponseTime[39m: 2
[16:26:14.187] [32mINFO[39m (38344): [36mrequest completed[39m
    [35mreq[39m: {
      "id": 48,
      "method": "GET",
      "url": "/api/auth/status"
    }
    [35mres[39m: {
      "statusCode": 200
    }
    [35mresponseTime[39m: 1
[16:26:20.503] [32mINFO[39m (38344): [36mrequest completed[39m
    [35mreq[39m: {
      "id": 49,
      "method": "GET",
      "url": "/api/auth/status"
    }
    [35mres[39m: {
      "statusCode": 200
    }
    [35mresponseTime[39m: 1
[16:26:23.721] [32mINFO[39m (38344): [36mrequest completed[39m
    [35mreq[39m: {
      "id": 50,
      "method": "POST",
      "url": "/api/clinics/4/accounts/10/frozen"
    }
    [35mres[39m: {
      "statusCode": 200
    }
    [35mresponseTime[39m: 252
[16:26:24.264] [32mINFO[39m (38344): [36mrequest completed[39m
    [35mreq[39m: {
      "id": 51,
      "method": "GET",
      "url": "/api/clinics/4/accounts"
    }
    [35mres[39m: {
      "statusCode": 200
    }
    [35mresponseTime[39m: 227
[16:26:24.266] [32mINFO[39m (38344): [36mrequest completed[39m
    [35mreq[39m: {
      "id": 52,
      "method": "GET",
      "url": "/api/clinics"
    }
    [35mres[39m: {
      "statusCode": 304
    }
    [35mresponseTime[39m: 223
[16:26:26.189] [32mINFO[39m (38344): [36mrequest completed[39m
    [35mreq[39m: {
      "id": 53,
      "method": "GET",
      "url": "/api/auth/status"
    }
    [35mres[39m: {
      "statusCode": 200
    }
    [35mresponseTime[39m: 1
[16:26:27.378] [32mINFO[39m (38344): [36mrequest completed[39m
    [35mreq[39m: {
      "id": 54,
      "method": "POST",
      "url": "/api/auth/logout"
    }
    [35mres[39m: {
      "statusCode": 200
    }
    [35mresponseTime[39m: 2
[16:26:27.647] [32mINFO[39m (38344): [36mrequest completed[39m
    [35mreq[39m: {
      "id": 55,
      "method": "GET",
      "url": "/api/auth/status"
    }
    [35mres[39m: {
      "statusCode": 200
    }
    [35mresponseTime[39m: 0
[16:26:27.704] [32mINFO[39m (38344): [36mrequest completed[39m
    [35mreq[39m: {
      "id": 56,
      "method": "GET",
      "url": "/api/auth/status"
    }
    [35mres[39m: {
      "statusCode": 200
    }
    [35mresponseTime[39m: 0
[16:26:27.878] [32mINFO[39m (38344): [36mrequest completed[39m
    [35mreq[39m: {
      "id": 57,
      "method": "GET",
      "url": "/api/auth/me"
    }
    [35mres[39m: {
      "statusCode": 401
    }
    [35mresponseTime[39m: 0
[16:26:27.879] [32mINFO[39m (38344): [36mrequest completed[39m
    [35mreq[39m: {
      "id": 58,
      "method": "GET",
      "url": "/api/auth/status"
    }
    [35mres[39m: {
      "statusCode": 200
    }
    [35mresponseTime[39m: 0
[16:26:30.537] [32mINFO[39m (38344): [36mrequest completed[39m
    [35mreq[39m: {
      "id": 59,
      "method": "POST",
      "url": "/api/auth/login"
    }
    [35mres[39m: {
      "statusCode": 423
    }
    [35mresponseTime[39m: 480
[16:26:33.884] [32mINFO[39m (38344): [36mrequest completed[39m
    [35mreq[39m: {
      "id": 60,
      "method": "GET",
      "url": "/api/auth/status"
    }
    [35mres[39m: {
      "statusCode": 200
    }
    [35mresponseTime[39m: 1
[16:26:39.883] [32mINFO[39m (38344): [36mrequest completed[39m
    [35mreq[39m: {
      "id": 61,
      "method": "GET",
      "url": "/api/auth/status"
    }
    [35mres[39m: {
      "statusCode": 200
    }
    [35mresponseTime[39m: 0
[16:26:44.861] [32mINFO[39m (38344): [36mrequest completed[39m
    [35mreq[39m: {
      "id": 62,
      "method": "POST",
      "url": "/api/auth/login"
    }
    [35mres[39m: {
      "statusCode": 200
    }
    [35mresponseTime[39m: 425
[16:26:45.184] [32mINFO[39m (38344): [36mrequest completed[39m
    [35mreq[39m: {
      "id": 63,
      "method": "GET",
      "url": "/api/auth/me"
    }
    [35mres[39m: {
      "statusCode": 200
    }
    [35mresponseTime[39m: 2
[16:26:45.833] [32mINFO[39m (38344): [36mrequest completed[39m
    [35mreq[39m: {
      "id": 64,
      "method": "GET",
      "url": "/api/auth/status"
    }
    [35mres[39m: {
      "statusCode": 200
    }
    [35mresponseTime[39m: 401
[16:26:45.975] [32mINFO[39m (38344): [36mrequest completed[39m
    [35mreq[39m: {
      "id": 66,
      "method": "GET",
      "url": "/api/dashboard/funnel"
    }
    [35mres[39m: {
      "statusCode": 200
    }
    [35mresponseTime[39m: 434
[16:26:46.182] [32mINFO[39m (38344): [36mrequest completed[39m
    [35mreq[39m: {
      "id": 65,
      "method": "GET",
      "url": "/api/dashboard/stats"
    }
    [35mres[39m: {
      "statusCode": 200
    }
    [35mresponseTime[39m: 671
[16:26:50.860] [32mINFO[39m (38344): [36mrequest completed[39m
    [35mreq[39m: {
      "id": 68,
      "method": "GET",
      "url": "/api/auth/me"
    }
    [35mres[39m: {
      "statusCode": 304
    }
    [35mresponseTime[39m: 1
[16:26:51.241] [32mINFO[39m (38344): [36mrequest completed[39m
    [35mreq[39m: {
      "id": 67,
      "method": "GET",
      "url": "/api/auth/status"
    }
    [35mres[39m: {
      "statusCode": 200
    }
    [35mresponseTime[39m: 438
[16:26:51.311] [32mINFO[39m (38344): [36mrequest completed[39m
    [35mreq[39m: {
      "id": 70,
      "method": "GET",
      "url": "/api/dashboard/funnel"
    }
    [35mres[39m: {
      "statusCode": 304
    }
    [35mresponseTime[39m: 415
[16:26:51.506] [32mINFO[39m (38344): [36mrequest completed[39m
    [35mreq[39m: {
      "id": 69,
      "method": "GET",
      "url": "/api/dashboard/stats"
    }
    [35mres[39m: {
      "statusCode": 304
    }
    [35mresponseTime[39m: 612
[16:26:52.981] [32mINFO[39m (38344): [36mrequest completed[39m
    [35mreq[39m: {
      "id": 71,
      "method": "POST",
      "url": "/api/auth/logout"
    }
    [35mres[39m: {
      "statusCode": 200
    }
    [35mresponseTime[39m: 1
[16:26:53.012] [32mINFO[39m (38344): [36mrequest completed[39m
    [35mreq[39m: {
      "id": 72,
      "method": "GET",
      "url": "/api/auth/status"
    }
    [35mres[39m: {
      "statusCode": 200
    }
    [35mresponseTime[39m: 0
[16:26:53.014] [32mINFO[39m (38344): [36mrequest completed[39m
    [35mreq[39m: {
      "id": 73,
      "method": "GET",
      "url": "/api/auth/status"
    }
    [35mres[39m: {
      "statusCode": 200
    }
    [35mresponseTime[39m: 0
[16:26:53.554] [32mINFO[39m (38344): [36mrequest completed[39m
    [35mreq[39m: {
      "id": 74,
      "method": "GET",
      "url": "/api/auth/status"
    }
    [35mres[39m: {
      "statusCode": 200
    }
    [35mresponseTime[39m: 0
[16:26:53.555] [32mINFO[39m (38344): [36mrequest completed[39m
    [35mreq[39m: {
      "id": 75,
      "method": "GET",
      "url": "/api/auth/me"
    }
    [35mres[39m: {
      "statusCode": 401
    }
    [35mresponseTime[39m: 0
[16:26:55.422] [32mINFO[39m (38344): [36mrequest completed[39m
    [35mreq[39m: {
      "id": 76,
      "method": "POST",
      "url": "/api/auth/login"
    }
    [35mres[39m: {
      "statusCode": 200
    }
    [35mresponseTime[39m: 388
[16:26:55.432] [32mINFO[39m (38344): [36mrequest completed[39m
    [35mreq[39m: {
      "id": 77,
      "method": "GET",
      "url": "/api/auth/me"
    }
    [35mres[39m: {
      "statusCode": 200
    }
    [35mresponseTime[39m: 1
[16:26:55.448] [32mINFO[39m (38344): [36mrequest completed[39m
    [35mreq[39m: {
      "id": 78,
      "method": "GET",
      "url": "/api/auth/status"
    }
    [35mres[39m: {
      "statusCode": 200
    }
    [35mresponseTime[39m: 1
[16:26:55.735] [32mINFO[39m (38344): [36mrequest completed[39m
    [35mreq[39m: {
      "id": 79,
      "method": "GET",
      "url": "/api/dashboard/stats"
    }
    [35mres[39m: {
      "statusCode": 200
    }
    [35mresponseTime[39m: 274
[16:26:56.010] [32mINFO[39m (38344): [36mrequest completed[39m
    [35mreq[39m: {
      "id": 80,
      "method": "GET",
      "url": "/api/dashboard/funnel"
    }
    [35mres[39m: {
      "statusCode": 200
    }
    [35mresponseTime[39m: 239
[16:26:57.977] [32mINFO[39m (38344): [36mrequest completed[39m
    [35mreq[39m: {
      "id": 81,
      "method": "POST",
      "url": "/api/auth/logout"
    }
    [35mres[39m: {
      "statusCode": 200
    }
    [35mresponseTime[39m: 1
[16:26:58.249] [32mINFO[39m (38344): [36mrequest completed[39m
    [35mreq[39m: {
      "id": 82,
      "method": "GET",
      "url": "/api/auth/status"
    }
    [35mres[39m: {
      "statusCode": 200
    }
    [35mresponseTime[39m: 2
[16:26:58.321] [32mINFO[39m (38344): [36mrequest completed[39m
    [35mreq[39m: {
      "id": 83,
      "method": "GET",
      "url": "/api/auth/status"
    }
    [35mres[39m: {
      "statusCode": 200
    }
    [35mresponseTime[39m: 0
[16:26:58.498] [32mINFO[39m (38344): [36mrequest completed[39m
    [35mreq[39m: {
      "id": 84,
      "method": "GET",
      "url": "/api/auth/status"
    }
    [35mres[39m: {
      "statusCode": 200
    }
    [35mresponseTime[39m: 1
[16:26:58.499] [32mINFO[39m (38344): [36mrequest completed[39m
    [35mreq[39m: {
      "id": 85,
      "method": "GET",
      "url": "/api/auth/me"
    }
    [35mres[39m: {
      "statusCode": 401
    }
    [35mresponseTime[39m: 1
[16:27:00.745] [32mINFO[39m (38344): [36mrequest completed[39m
    [35mreq[39m: {
      "id": 86,
      "method": "GET",
      "url": "/api/auth/status"
    }
    [35mres[39m: {
      "statusCode": 200
    }
    [35mresponseTime[39m: 1
[16:27:00.746] [32mINFO[39m (38344): [36mrequest completed[39m
    [35mreq[39m: {
      "id": 87,
      "method": "GET",
      "url": "/api/auth/me"
    }
    [35mres[39m: {
      "statusCode": 401
    }
    [35mresponseTime[39m: 1
[16:27:01.345] [32mINFO[39m (38344): [36mrequest completed[39m
    [35mreq[39m: {
      "id": 88,
      "method": "GET",
      "url": "/api/auth/status"
    }
    [35mres[39m: {
      "statusCode": 200
    }
    [35mresponseTime[39m: 1
[16:27:01.346] [32mINFO[39m (38344): [36mrequest completed[39m
    [35mreq[39m: {
      "id": 89,
      "method": "GET",
      "url": "/api/auth/me"
    }
    [35mres[39m: {
      "statusCode": 401
    }
    [35mresponseTime[39m: 1
[16:27:05.617] [32mINFO[39m (38344): [36mrequest completed[39m
    [35mreq[39m: {
      "id": 90,
      "method": "POST",
      "url": "/api/auth/login"
    }
    [35mres[39m: {
      "statusCode": 423
    }
    [35mresponseTime[39m: 370
[16:27:07.348] [32mINFO[39m (38344): [36mrequest completed[39m
    [35mreq[39m: {
      "id": 91,
      "method": "GET",
      "url": "/api/auth/status"
    }
    [35mres[39m: {
      "statusCode": 200
    }
    [35mresponseTime[39m: 0
[16:27:08.881] [32mINFO[39m (38344): [36mrequest completed[39m
    [35mreq[39m: {
      "id": 92,
      "method": "POST",
      "url": "/api/auth/login"
    }
    [35mres[39m: {
      "statusCode": 200
    }
    [35mresponseTime[39m: 299
[16:27:09.202] [32mINFO[39m (38344): [36mrequest completed[39m
    [35mreq[39m: {
      "id": 93,
      "method": "GET",
      "url": "/api/auth/me"
    }
    [35mres[39m: {
      "statusCode": 200
    }
    [35mresponseTime[39m: 1
[16:27:09.783] [32mINFO[39m (38344): [36mrequest completed[39m
    [35mreq[39m: {
      "id": 94,
      "method": "GET",
      "url": "/api/auth/status"
    }
    [35mres[39m: {
      "statusCode": 200
    }
    [35mresponseTime[39m: 319
[16:27:09.946] [32mINFO[39m (38344): [36mrequest completed[39m
    [35mreq[39m: {
      "id": 96,
      "method": "GET",
      "url": "/api/dashboard/funnel"
    }
    [35mres[39m: {
      "statusCode": 200
    }
    [35mresponseTime[39m: 402
[16:27:10.100] [32mINFO[39m (38344): [36mrequest completed[39m
    [35mreq[39m: {
      "id": 95,
      "method": "GET",
      "url": "/api/dashboard/stats"
    }
    [35mres[39m: {
      "statusCode": 200
    }
    [35mresponseTime[39m: 571
[16:27:15.671] [32mINFO[39m (38344): [36mrequest completed[39m
    [35mreq[39m: {
      "id": 97,
      "method": "GET",
      "url": "/api/auth/status"
    }
    [35mres[39m: {
      "statusCode": 200
    }
    [35mresponseTime[39m: 449
[16:27:21.987] [32mINFO[39m (38344): [36mrequest completed[39m
    [35mreq[39m: {
      "id": 98,
      "method": "GET",
      "url": "/api/auth/status"
    }
    [35mres[39m: {
      "statusCode": 200
    }
    [35mresponseTime[39m: 455
[16:27:26.838] [32mINFO[39m (38344): [36mrequest completed[39m
    [35mreq[39m: {
      "id": 99,
      "method": "POST",
      "url": "/api/auth/logout"
    }
    [35mres[39m: {
      "statusCode": 200
    }
    [35mresponseTime[39m: 1
[16:27:27.182] [32mINFO[39m (38344): [36mrequest completed[39m
    [35mreq[39m: {
      "id": 100,
      "method": "GET",
      "url": "/api/auth/status"
    }
    [35mres[39m: {
      "statusCode": 200
    }
    [35mresponseTime[39m: 1
[16:27:27.183] [32mINFO[39m (38344): [36mrequest completed[39m
    [35mreq[39m: {
      "id": 101,
      "method": "GET",
      "url": "/api/auth/status"
    }
    [35mres[39m: {
      "statusCode": 200
    }
    [35mresponseTime[39m: 0
[16:27:27.409] [32mINFO[39m (38344): [36mrequest completed[39m
    [35mreq[39m: {
      "id": 102,
      "method": "GET",
      "url": "/api/auth/me"
    }
    [35mres[39m: {
      "statusCode": 401
    }
    [35mresponseTime[39m: 1
[16:27:27.409] [32mINFO[39m (38344): [36mrequest completed[39m
    [35mreq[39m: {
      "id": 103,
      "method": "GET",
      "url": "/api/auth/status"
    }
    [35mres[39m: {
      "statusCode": 200
    }
    [35mresponseTime[39m: 0
[16:27:33.409] [32mINFO[39m (38344): [36mrequest completed[39m
    [35mreq[39m: {
      "id": 104,
      "method": "GET",
      "url": "/api/auth/status"
    }
    [35mres[39m: {
      "statusCode": 200
    }
    [35mresponseTime[39m: 0
[16:27:36.462] [32mINFO[39m (38344): [36mrequest completed[39m
    [35mreq[39m: {
      "id": 105,
      "method": "GET",
      "url": "/api/auth/status"
    }
    [35mres[39m: {
      "statusCode": 200
    }
    [35mresponseTime[39m: 0
[16:27:36.463] [32mINFO[39m (38344): [36mrequest completed[39m
    [35mreq[39m: {
      "id": 106,
      "method": "GET",
      "url": "/api/auth/me"
    }
    [35mres[39m: {
      "statusCode": 401
    }
    [35mresponseTime[39m: 0
[16:27:39.972] [32mINFO[39m (38344): [36mrequest completed[39m
    [35mreq[39m: {
      "id": 107,
      "method": "POST",
      "url": "/api/auth/login"
    }
    [35mres[39m: {
      "statusCode": 200
    }
    [35mresponseTime[39m: 389
[16:27:39.984] [32mINFO[39m (38344): [36mrequest completed[39m
    [35mreq[39m: {
      "id": 108,
      "method": "GET",
      "url": "/api/auth/me"
    }
    [35mres[39m: {
      "statusCode": 200
    }
    [35mresponseTime[39m: 1
[16:27:40.392] [32mINFO[39m (38344): [36mrequest completed[39m
    [35mreq[39m: {
      "id": 109,
      "method": "GET",
      "url": "/api/auth/status"
    }
    [35mres[39m: {
      "statusCode": 200
    }
    [35mresponseTime[39m: 361
[16:27:40.532] [32mINFO[39m (38344): [36mrequest completed[39m
    [35mreq[39m: {
      "id": 111,
      "method": "GET",
      "url": "/api/dashboard/funnel"
    }
    [35mres[39m: {
      "statusCode": 200
    }
    [35mresponseTime[39m: 194
[16:27:40.655] [32mINFO[39m (38344): [36mrequest completed[39m
    [35mreq[39m: {
      "id": 110,
      "method": "GET",
      "url": "/api/dashboard/stats"
    }
    [35mres[39m: {
      "statusCode": 200
    }
    [35mresponseTime[39m: 621
[16:27:42.753] [32mINFO[39m (38344): [36mrequest completed[39m
    [35mreq[39m: {
      "id": 112,
      "method": "GET",
      "url": "/api/auth/status"
    }
    [35mres[39m: {
      "statusCode": 200
    }
    [35mresponseTime[39m: 1
[16:27:42.963] [32mINFO[39m (38344): [36mrequest completed[39m
    [35mreq[39m: {
      "id": 114,
      "method": "GET",
      "url": "/api/patients/next-code"
    }
    [35mres[39m: {
      "statusCode": 200
    }
    [35mresponseTime[39m: 114
[16:27:42.967] [32mINFO[39m (38344): [36mrequest completed[39m
    [35mreq[39m: {
      "id": 113,
      "method": "GET",
      "url": "/api/settings/referral-providers"
    }
    [35mres[39m: {
      "statusCode": 304
    }
    [35mresponseTime[39m: 120
[16:27:43.059] [32mINFO[39m (38344): [36mrequest completed[39m
    [35mreq[39m: {
      "id": 115,
      "method": "GET",
      "url": "/api/auth/status"
    }
    [35mres[39m: {
      "statusCode": 200
    }
    [35mresponseTime[39m: 1
[16:27:43.477] [32mINFO[39m (38344): [36mrequest completed[39m
    [35mreq[39m: {
      "id": 116,
      "method": "GET",
      "url": "/api/patients"
    }
    [35mres[39m: {
      "statusCode": 200
    }
    [35mresponseTime[39m: 105
[16:27:46.429] [32mINFO[39m (38344): [36mrequest completed[39m
    [35mreq[39m: {
      "id": 117,
      "method": "GET",
      "url": "/api/auth/status"
    }
    [35mres[39m: {
      "statusCode": 200
    }
    [35mresponseTime[39m: 208
[16:27:46.776] [32mINFO[39m (38344): [36mrequest completed[39m
    [35mreq[39m: {
      "id": 118,
      "method": "GET",
      "url": "/api/staff"
    }
    [35mres[39m: {
      "statusCode": 200
    }
    [35mresponseTime[39m: 553
[16:27:52.384] [32mINFO[39m (38344): [36mrequest completed[39m
    [35mreq[39m: {
      "id": 119,
      "method": "GET",
      "url": "/api/auth/status"
    }
    [35mres[39m: {
      "statusCode": 200
    }
    [35mresponseTime[39m: 474
[16:27:54.830] [32mINFO[39m (38344): [36mrequest completed[39m
    [35mreq[39m: {
      "id": 121,
      "method": "GET",
      "url": "/api/auth/status"
    }
    [35mres[39m: {
      "statusCode": 200
    }
    [35mresponseTime[39m: 1
[16:27:54.835] [32mINFO[39m (38344): [36mrequest completed[39m
    [35mreq[39m: {
      "id": 122,
      "method": "POST",
      "url": "/api/db"
    }
    [35mres[39m: {
      "statusCode": 403
    }
    [35mresponseTime[39m: 3
[16:27:54.928] [32mINFO[39m (38344): [36mrequest completed[39m
    [35mreq[39m: {
      "id": 120,
      "method": "GET",
      "url": "/api/users"
    }
    [35mres[39m: {
      "statusCode": 200
    }
    [35mresponseTime[39m: 102
[16:27:55.246] [32mINFO[39m (38344): [36mrequest completed[39m
    [35mreq[39m: {
      "id": 123,
      "method": "GET",
      "url": "/api/auth/status"
    }
    [35mres[39m: {
      "statusCode": 200
    }
    [35mresponseTime[39m: 1
[16:27:55.766] [32mINFO[39m (38344): [36mrequest completed[39m
    [35mreq[39m: {
      "id": 124,
      "method": "GET",
      "url": "/api/staff"
    }
    [35mres[39m: {
      "statusCode": 304
    }
    [35mresponseTime[39m: 210
[16:28:02.250] [32mINFO[39m (38344): [36mrequest completed[39m
    [35mreq[39m: {
      "id": 125,
      "method": "GET",
      "url": "/api/auth/status"
    }
    [35mres[39m: {
      "statusCode": 200
    }
    [35mresponseTime[39m: 679
[16:28:07.719] [32mINFO[39m (38344): [36mrequest completed[39m
    [35mreq[39m: {
      "id": 126,
      "method": "GET",
      "url": "/api/auth/status"
    }
    [35mres[39m: {
      "statusCode": 200
    }
    [35mresponseTime[39m: 464
[16:28:14.023] [32mINFO[39m (38344): [36mrequest completed[39m
    [35mreq[39m: {
      "id": 127,
      "method": "GET",
      "url": "/api/auth/status"
    }
    [35mres[39m: {
      "statusCode": 200
    }
    [35mresponseTime[39m: 457
[16:28:19.743] [32mINFO[39m (38344): [36mrequest completed[39m
    [35mreq[39m: {
      "id": 128,
      "method": "GET",
      "url": "/api/auth/status"
    }
    [35mres[39m: {
      "statusCode": 200
    }
    [35mresponseTime[39m: 473
[16:28:26.028] [32mINFO[39m (38344): [36mrequest completed[39m
    [35mreq[39m: {
      "id": 129,
      "method": "GET",
      "url": "/api/auth/status"
    }
    [35mres[39m: {
      "statusCode": 200
    }
    [35mresponseTime[39m: 456
[16:28:31.704] [32mINFO[39m (38344): [36mrequest completed[39m
    [35mreq[39m: {
      "id": 130,
      "method": "GET",
      "url": "/api/auth/status"
    }
    [35mres[39m: {
      "statusCode": 200
    }
    [35mresponseTime[39m: 449
[16:28:37.986] [32mINFO[39m (38344): [36mrequest completed[39m
    [35mreq[39m: {
      "id": 131,
      "method": "GET",
      "url": "/api/auth/status"
    }
    [35mres[39m: {
      "statusCode": 200
    }
    [35mresponseTime[39m: 429
[16:28:43.698] [32mINFO[39m (38344): [36mrequest completed[39m
    [35mreq[39m: {
      "id": 132,
      "method": "GET",
      "url": "/api/auth/status"
    }
    [35mres[39m: {
      "statusCode": 200
    }
    [35mresponseTime[39m: 452
[16:28:50.009] [32mINFO[39m (38344): [36mrequest completed[39m
    [35mreq[39m: {
      "id": 133,
      "method": "GET",
      "url": "/api/auth/status"
    }
    [35mres[39m: {
      "statusCode": 200
    }
    [35mresponseTime[39m: 437
[16:28:55.709] [32mINFO[39m (38344): [36mrequest completed[39m
    [35mreq[39m: {
      "id": 134,
      "method": "GET",
      "url": "/api/auth/status"
    }
    [35mres[39m: {
      "statusCode": 200
    }
    [35mresponseTime[39m: 455
[16:29:02.010] [32mINFO[39m (38344): [36mrequest completed[39m
    [35mreq[39m: {
      "id": 135,
      "method": "GET",
      "url": "/api/auth/status"
    }
    [35mres[39m: {
      "statusCode": 200
    }
    [35mresponseTime[39m: 441
[16:29:07.707] [32mINFO[39m (38344): [36mrequest completed[39m
    [35mreq[39m: {
      "id": 136,
      "method": "GET",
      "url": "/api/auth/status"
    }
    [35mres[39m: {
      "statusCode": 200
    }
    [35mresponseTime[39m: 459
[16:29:14.015] [32mINFO[39m (38344): [36mrequest completed[39m
    [35mreq[39m: {
      "id": 137,
      "method": "GET",
      "url": "/api/auth/status"
    }
    [35mres[39m: {
      "statusCode": 200
    }
    [35mresponseTime[39m: 442
[16:29:19.688] [32mINFO[39m (38344): [36mrequest completed[39m
    [35mreq[39m: {
      "id": 138,
      "method": "GET",
      "url": "/api/auth/status"
    }
    [35mres[39m: {
      "statusCode": 200
    }
    [35mresponseTime[39m: 434
[16:29:26.009] [32mINFO[39m (38344): [36mrequest completed[39m
    [35mreq[39m: {
      "id": 139,
      "method": "GET",
      "url": "/api/auth/status"
    }
    [35mres[39m: {
      "statusCode": 200
    }
    [35mresponseTime[39m: 450
[16:29:31.679] [32mINFO[39m (38344): [36mrequest completed[39m
    [35mreq[39m: {
      "id": 140,
      "method": "GET",
      "url": "/api/auth/status"
    }
    [35mres[39m: {
      "statusCode": 200
    }
    [35mresponseTime[39m: 432
[16:29:38.017] [32mINFO[39m (38344): [36mrequest completed[39m
    [35mreq[39m: {
      "id": 141,
      "method": "GET",
      "url": "/api/auth/status"
    }
    [35mres[39m: {
      "statusCode": 200
    }
    [35mresponseTime[39m: 460
[16:29:43.726] [32mINFO[39m (38344): [36mrequest completed[39m
    [35mreq[39m: {
      "id": 142,
      "method": "GET",
      "url": "/api/auth/status"
    }
    [35mres[39m: {
      "statusCode": 200
    }
    [35mresponseTime[39m: 479
[16:29:50.022] [32mINFO[39m (38344): [36mrequest completed[39m
    [35mreq[39m: {
      "id": 143,
      "method": "GET",
      "url": "/api/auth/status"
    }
    [35mres[39m: {
      "statusCode": 200
    }
    [35mresponseTime[39m: 456
[16:29:55.689] [32mINFO[39m (38344): [36mrequest completed[39m
    [35mreq[39m: {
      "id": 144,
      "method": "GET",
      "url": "/api/auth/status"
    }
    [35mres[39m: {
      "statusCode": 200
    }
    [35mresponseTime[39m: 435
[16:30:02.003] [32mINFO[39m (38344): [36mrequest completed[39m
    [35mreq[39m: {
      "id": 145,
      "method": "GET",
      "url": "/api/auth/status"
    }
    [35mres[39m: {
      "statusCode": 200
    }
    [35mresponseTime[39m: 442
[16:30:07.725] [32mINFO[39m (38344): [36mrequest completed[39m
    [35mreq[39m: {
      "id": 146,
      "method": "GET",
      "url": "/api/auth/status"
    }
    [35mres[39m: {
      "statusCode": 200
    }
    [35mresponseTime[39m: 473
[16:30:14.018] [32mINFO[39m (38344): [36mrequest completed[39m
    [35mreq[39m: {
      "id": 147,
      "method": "GET",
      "url": "/api/auth/status"
    }
    [35mres[39m: {
      "statusCode": 200
    }
    [35mresponseTime[39m: 464
[16:30:19.729] [32mINFO[39m (38344): [36mrequest completed[39m
    [35mreq[39m: {
      "id": 148,
      "method": "GET",
      "url": "/api/auth/status"
    }
    [35mres[39m: {
      "statusCode": 200
    }
    [35mresponseTime[39m: 477
[16:30:26.011] [32mINFO[39m (38344): [36mrequest completed[39m
    [35mreq[39m: {
      "id": 149,
      "method": "GET",
      "url": "/api/auth/status"
    }
    [35mres[39m: {
      "statusCode": 200
    }
    [35mresponseTime[39m: 458
[16:30:31.728] [32mINFO[39m (38344): [36mrequest completed[39m
    [35mreq[39m: {
      "id": 150,
      "method": "GET",
      "url": "/api/auth/status"
    }
    [35mres[39m: {
      "statusCode": 200
    }
    [35mresponseTime[39m: 480
[16:30:37.999] [32mINFO[39m (38344): [36mrequest completed[39m
    [35mreq[39m: {
      "id": 151,
      "method": "GET",
      "url": "/api/auth/status"
    }
    [35mres[39m: {
      "statusCode": 200
    }
    [35mresponseTime[39m: 439
[16:30:43.701] [32mINFO[39m (38344): [36mrequest completed[39m
    [35mreq[39m: {
      "id": 152,
      "method": "GET",
      "url": "/api/auth/status"
    }
    [35mres[39m: {
      "statusCode": 200
    }
    [35mresponseTime[39m: 448
[16:30:50.058] [32mINFO[39m (38344): [36mrequest completed[39m
    [35mreq[39m: {
      "id": 153,
      "method": "GET",
      "url": "/api/auth/status"
    }
    [35mres[39m: {
      "statusCode": 200
    }
    [35mresponseTime[39m: 497
[16:30:55.677] [32mINFO[39m (38344): [36mrequest completed[39m
    [35mreq[39m: {
      "id": 154,
      "method": "GET",
      "url": "/api/auth/status"
    }
    [35mres[39m: {
      "statusCode": 200
    }
    [35mresponseTime[39m: 430
[16:31:02.031] [32mINFO[39m (38344): [36mrequest completed[39m
    [35mreq[39m: {
      "id": 155,
      "method": "GET",
      "url": "/api/auth/status"
    }
    [35mres[39m: {
      "statusCode": 200
    }
    [35mresponseTime[39m: 458
[16:31:07.709] [32mINFO[39m (38344): [36mrequest completed[39m
    [35mreq[39m: {
      "id": 156,
      "method": "GET",
      "url": "/api/auth/status"
    }
    [35mres[39m: {
      "statusCode": 200
    }
    [35mresponseTime[39m: 462
[16:31:14.017] [32mINFO[39m (38344): [36mrequest completed[39m
    [35mreq[39m: {
      "id": 157,
      "method": "GET",
      "url": "/api/auth/status"
    }
    [35mres[39m: {
      "statusCode": 200
    }
    [35mresponseTime[39m: 453
[16:31:19.707] [32mINFO[39m (38344): [36mrequest completed[39m
    [35mreq[39m: {
      "id": 158,
      "method": "GET",
      "url": "/api/auth/status"
    }
    [35mres[39m: {
      "statusCode": 200
    }
    [35mresponseTime[39m: 461
[16:31:26.061] [32mINFO[39m (38344): [36mrequest completed[39m
    [35mreq[39m: {
      "id": 159,
      "method": "GET",
      "url": "/api/auth/status"
    }
    [35mres[39m: {
      "statusCode": 200
    }
    [35mresponseTime[39m: 501
[16:31:31.714] [32mINFO[39m (38344): [36mrequest completed[39m
    [35mreq[39m: {
      "id": 160,
      "method": "GET",
      "url": "/api/auth/status"
    }
    [35mres[39m: {
      "statusCode": 200
    }
    [35mresponseTime[39m: 459
[16:31:37.993] [32mINFO[39m (38344): [36mrequest completed[39m
    [35mreq[39m: {
      "id": 161,
      "method": "GET",
      "url": "/api/auth/status"
    }
    [35mres[39m: {
      "statusCode": 200
    }
    [35mresponseTime[39m: 432
[16:31:43.710] [32mINFO[39m (38344): [36mrequest completed[39m
    [35mreq[39m: {
      "id": 162,
      "method": "GET",
      "url": "/api/auth/status"
    }
    [35mres[39m: {
      "statusCode": 200
    }
    [35mresponseTime[39m: 451
[16:31:50.022] [32mINFO[39m (38344): [36mrequest completed[39m
    [35mreq[39m: {
      "id": 163,
      "method": "GET",
      "url": "/api/auth/status"
    }
    [35mres[39m: {
      "statusCode": 200
    }
    [35mresponseTime[39m: 462
[16:31:56.221] [32mINFO[39m (38344): [36mrequest completed[39m
    [35mreq[39m: {
      "id": 164,
      "method": "GET",
      "url": "/api/auth/status"
    }
    [35mres[39m: {
      "statusCode": 200
    }
    [35mresponseTime[39m: 975
[16:32:01.999] [32mINFO[39m (38344): [36mrequest completed[39m
    [35mreq[39m: {
      "id": 165,
      "method": "GET",
      "url": "/api/auth/status"
    }
    [35mres[39m: {
      "statusCode": 200
    }
    [35mresponseTime[39m: 430
[16:32:07.726] [32mINFO[39m (38344): [36mrequest completed[39m
    [35mreq[39m: {
      "id": 166,
      "method": "GET",
      "url": "/api/auth/status"
    }
    [35mres[39m: {
      "statusCode": 200
    }
    [35mresponseTime[39m: 467
[16:32:14.050] [32mINFO[39m (38344): [36mrequest completed[39m
    [35mreq[39m: {
      "id": 167,
      "method": "GET",
      "url": "/api/auth/status"
    }
    [35mres[39m: {
      "statusCode": 200
    }
    [35mresponseTime[39m: 480
[16:32:19.726] [32mINFO[39m (38344): [36mrequest completed[39m
    [35mreq[39m: {
      "id": 168,
      "method": "GET",
      "url": "/api/auth/status"
    }
    [35mres[39m: {
      "statusCode": 200
    }
    [35mresponseTime[39m: 471
[16:32:26.006] [32mINFO[39m (38344): [36mrequest completed[39m
    [35mreq[39m: {
      "id": 169,
      "method": "GET",
      "url": "/api/auth/status"
    }
    [35mres[39m: {
      "statusCode": 200
    }
    [35mresponseTime[39m: 436
[16:32:31.687] [32mINFO[39m (38344): [36mrequest completed[39m
    [35mreq[39m: {
      "id": 170,
      "method": "GET",
      "url": "/api/auth/status"
    }
    [35mres[39m: {
      "statusCode": 200
    }
    [35mresponseTime[39m: 425
[16:32:38.001] [32mINFO[39m (38344): [36mrequest completed[39m
    [35mreq[39m: {
      "id": 171,
      "method": "GET",
      "url": "/api/auth/status"
    }
    [35mres[39m: {
      "statusCode": 200
    }
    [35mresponseTime[39m: 438
[16:32:43.731] [32mINFO[39m (38344): [36mrequest completed[39m
    [35mreq[39m: {
      "id": 172,
      "method": "GET",
      "url": "/api/auth/status"
    }
    [35mres[39m: {
      "statusCode": 200
    }
    [35mresponseTime[39m: 473
[16:32:49.992] [32mINFO[39m (38344): [36mrequest completed[39m
    [35mreq[39m: {
      "id": 173,
      "method": "GET",
      "url": "/api/auth/status"
    }
    [35mres[39m: {
      "statusCode": 200
    }
    [35mresponseTime[39m: 428
[16:32:55.735] [32mINFO[39m (38344): [36mrequest completed[39m
    [35mreq[39m: {
      "id": 174,
      "method": "GET",
      "url": "/api/auth/status"
    }
    [35mres[39m: {
      "statusCode": 200
    }
    [35mresponseTime[39m: 481
[16:33:02.089] [32mINFO[39m (38344): [36mrequest completed[39m
    [35mreq[39m: {
      "id": 175,
      "method": "GET",
      "url": "/api/auth/status"
    }
    [35mres[39m: {
      "statusCode": 200
    }
    [35mresponseTime[39m: 522
[16:33:07.699] [32mINFO[39m (38344): [36mrequest completed[39m
    [35mreq[39m: {
      "id": 176,
      "method": "GET",
      "url": "/api/auth/status"
    }
    [35mres[39m: {
      "statusCode": 200
    }
    [35mresponseTime[39m: 449
[16:33:13.998] [32mINFO[39m (38344): [36mrequest completed[39m
    [35mreq[39m: {
      "id": 177,
      "method": "GET",
      "url": "/api/auth/status"
    }
    [35mres[39m: {
      "statusCode": 200
    }
    [35mresponseTime[39m: 440
[16:33:19.686] [32mINFO[39m (38344): [36mrequest completed[39m
    [35mreq[39m: {
      "id": 178,
      "method": "GET",
      "url": "/api/auth/status"
    }
    [35mres[39m: {
      "statusCode": 200
    }
    [35mresponseTime[39m: 434
[16:33:26.050] [32mINFO[39m (38344): [36mrequest completed[39m
    [35mreq[39m: {
      "id": 179,
      "method": "GET",
      "url": "/api/auth/status"
    }
    [35mres[39m: {
      "statusCode": 200
    }
    [35mresponseTime[39m: 480
[16:33:31.709] [32mINFO[39m (38344): [36mrequest completed[39m
    [35mreq[39m: {
      "id": 180,
      "method": "GET",
      "url": "/api/auth/status"
    }
    [35mres[39m: {
      "statusCode": 200
    }
    [35mresponseTime[39m: 450
[16:33:37.996] [32mINFO[39m (38344): [36mrequest completed[39m
    [35mreq[39m: {
      "id": 181,
      "method": "GET",
      "url": "/api/auth/status"
    }
    [35mres[39m: {
      "statusCode": 200
    }
    [35mresponseTime[39m: 433
[16:33:43.781] [32mINFO[39m (38344): [36mrequest completed[39m
    [35mreq[39m: {
      "id": 182,
      "method": "GET",
      "url": "/api/auth/status"
    }
    [35mres[39m: {
      "statusCode": 200
    }
    [35mresponseTime[39m: 532
[16:33:49.994] [32mINFO[39m (38344): [36mrequest completed[39m
    [35mreq[39m: {
      "id": 183,
      "method": "GET",
      "url": "/api/auth/status"
    }
    [35mres[39m: {
      "statusCode": 200
    }
    [35mresponseTime[39m: 434
[16:33:55.729] [32mINFO[39m (38344): [36mrequest completed[39m
    [35mreq[39m: {
      "id": 184,
      "method": "GET",
      "url": "/api/auth/status"
    }
    [35mres[39m: {
      "statusCode": 200
    }
    [35mresponseTime[39m: 472
[16:34:02.041] [32mINFO[39m (38344): [36mrequest completed[39m
    [35mreq[39m: {
      "id": 185,
      "method": "GET",
      "url": "/api/auth/status"
    }
    [35mres[39m: {
      "statusCode": 200
    }
    [35mresponseTime[39m: 469
[16:34:07.961] [32mINFO[39m (38344): [36mrequest completed[39m
    [35mreq[39m: {
      "id": 186,
      "method": "GET",
      "url": "/api/auth/status"
    }
    [35mres[39m: {
      "statusCode": 200
    }
    [35mresponseTime[39m: 706
[16:34:14.213] [32mINFO[39m (38344): [36mrequest completed[39m
    [35mreq[39m: {
      "id": 187,
      "method": "GET",
      "url": "/api/auth/status"
    }
    [35mres[39m: {
      "statusCode": 200
    }
    [35mresponseTime[39m: 652
[16:34:19.774] [32mINFO[39m (38344): [36mrequest completed[39m
    [35mreq[39m: {
      "id": 188,
      "method": "GET",
      "url": "/api/auth/status"
    }
    [35mres[39m: {
      "statusCode": 200
    }
    [35mresponseTime[39m: 515
[16:34:26.085] [32mINFO[39m (38344): [36mrequest completed[39m
    [35mreq[39m: {
      "id": 189,
      "method": "GET",
      "url": "/api/auth/status"
    }
    [35mres[39m: {
      "statusCode": 200
    }
    [35mresponseTime[39m: 517
[16:34:31.698] [32mINFO[39m (38344): [36mrequest completed[39m
    [35mreq[39m: {
      "id": 190,
      "method": "GET",
      "url": "/api/auth/status"
    }
    [35mres[39m: {
      "statusCode": 200
    }
    [35mresponseTime[39m: 449
[16:34:37.990] [32mINFO[39m (38344): [36mrequest completed[39m
    [35mreq[39m: {
      "id": 191,
      "method": "GET",
      "url": "/api/auth/status"
    }
    [35mres[39m: {
      "statusCode": 200
    }
    [35mresponseTime[39m: 431
[16:34:43.697] [32mINFO[39m (38344): [36mrequest completed[39m
    [35mreq[39m: {
      "id": 192,
      "method": "GET",
      "url": "/api/auth/status"
    }
    [35mres[39m: {
      "statusCode": 200
    }
    [35mresponseTime[39m: 448
[16:34:50.033] [32mINFO[39m (38344): [36mrequest completed[39m
    [35mreq[39m: {
      "id": 193,
      "method": "GET",
      "url": "/api/auth/status"
    }
    [35mres[39m: {
      "statusCode": 200
    }
    [35mresponseTime[39m: 481
[16:34:55.756] [32mINFO[39m (38344): [36mrequest completed[39m
    [35mreq[39m: {
      "id": 194,
      "method": "GET",
      "url": "/api/auth/status"
    }
    [35mres[39m: {
      "statusCode": 200
    }
    [35mresponseTime[39m: 501
[16:35:02.026] [32mINFO[39m (38344): [36mrequest completed[39m
    [35mreq[39m: {
      "id": 195,
      "method": "GET",
      "url": "/api/auth/status"
    }
    [35mres[39m: {
      "statusCode": 200
    }
    [35mresponseTime[39m: 461
[16:35:07.711] [32mINFO[39m (38344): [36mrequest completed[39m
    [35mreq[39m: {
      "id": 196,
      "method": "GET",
      "url": "/api/auth/status"
    }
    [35mres[39m: {
      "statusCode": 200
    }
    [35mresponseTime[39m: 464
[16:35:14.036] [32mINFO[39m (38344): [36mrequest completed[39m
    [35mreq[39m: {
      "id": 197,
      "method": "GET",
      "url": "/api/auth/status"
    }
    [35mres[39m: {
      "statusCode": 200
    }
    [35mresponseTime[39m: 469
[16:35:19.722] [32mINFO[39m (38344): [36mrequest completed[39m
    [35mreq[39m: {
      "id": 198,
      "method": "GET",
      "url": "/api/auth/status"
    }
    [35mres[39m: {
      "statusCode": 200
    }
    [35mresponseTime[39m: 472
[16:35:25.989] [32mINFO[39m (38344): [36mrequest completed[39m
    [35mreq[39m: {
      "id": 199,
      "method": "GET",
      "url": "/api/auth/status"
    }
    [35mres[39m: {
      "statusCode": 200
    }
    [35mresponseTime[39m: 429
[16:35:31.675] [32mINFO[39m (38344): [36mrequest completed[39m
    [35mreq[39m: {
      "id": 200,
      "method": "GET",
      "url": "/api/auth/status"
    }
    [35mres[39m: {
      "statusCode": 200
    }
    [35mresponseTime[39m: 426
[16:35:37.997] [32mINFO[39m (38344): [36mrequest completed[39m
    [35mreq[39m: {
      "id": 201,
      "method": "GET",
      "url": "/api/auth/status"
    }
    [35mres[39m: {
      "statusCode": 200
    }
    [35mresponseTime[39m: 441
[16:35:43.690] [32mINFO[39m (38344): [36mrequest completed[39m
    [35mreq[39m: {
      "id": 202,
      "method": "GET",
      "url": "/api/auth/status"
    }
    [35mres[39m: {
      "statusCode": 200
    }
    [35mresponseTime[39m: 441
[16:35:50.018] [32mINFO[39m (38344): [36mrequest completed[39m
    [35mreq[39m: {
      "id": 203,
      "method": "GET",
      "url": "/api/auth/status"
    }
    [35mres[39m: {
      "statusCode": 200
    }
    [35mresponseTime[39m: 450
[16:35:55.696] [32mINFO[39m (38344): [36mrequest completed[39m
    [35mreq[39m: {
      "id": 204,
      "method": "GET",
      "url": "/api/auth/status"
    }
    [35mres[39m: {
      "statusCode": 200
    }
    [35mresponseTime[39m: 443
[16:36:02.024] [32mINFO[39m (38344): [36mrequest completed[39m
    [35mreq[39m: {
      "id": 205,
      "method": "GET",
      "url": "/api/auth/status"
    }
    [35mres[39m: {
      "statusCode": 200
    }
    [35mresponseTime[39m: 452
[16:36:07.690] [32mINFO[39m (38344): [36mrequest completed[39m
    [35mreq[39m: {
      "id": 206,
      "method": "GET",
      "url": "/api/auth/status"
    }
    [35mres[39m: {
      "statusCode": 200
    }
    [35mresponseTime[39m: 435
[16:36:13.976] [32mINFO[39m (38344): [36mrequest completed[39m
    [35mreq[39m: {
      "id": 207,
      "method": "GET",
      "url": "/api/auth/status"
    }
    [35mres[39m: {
      "statusCode": 200
    }
    [35mresponseTime[39m: 414
[16:36:19.718] [32mINFO[39m (38344): [36mrequest completed[39m
    [35mreq[39m: {
      "id": 208,
      "method": "GET",
      "url": "/api/auth/status"
    }
    [35mres[39m: {
      "statusCode": 200
    }
    [35mresponseTime[39m: 471
[16:36:26.011] [32mINFO[39m (38344): [36mrequest completed[39m
    [35mreq[39m: {
      "id": 209,
      "method": "GET",
      "url": "/api/auth/status"
    }
    [35mres[39m: {
      "statusCode": 200
    }
    [35mresponseTime[39m: 444
[16:36:31.757] [32mINFO[39m (38344): [36mrequest completed[39m
    [35mreq[39m: {
      "id": 210,
      "method": "GET",
      "url": "/api/auth/status"
    }
    [35mres[39m: {
      "statusCode": 200
    }
    [35mresponseTime[39m: 503
[16:36:38.021] [32mINFO[39m (38344): [36mrequest completed[39m
    [35mreq[39m: {
      "id": 211,
      "method": "GET",
      "url": "/api/auth/status"
    }
    [35mres[39m: {
      "statusCode": 200
    }
    [35mresponseTime[39m: 465
[16:36:43.714] [32mINFO[39m (38344): [36mrequest completed[39m
    [35mreq[39m: {
      "id": 212,
      "method": "GET",
      "url": "/api/auth/status"
    }
    [35mres[39m: {
      "statusCode": 200
    }
    [35mresponseTime[39m: 455
[16:36:50.000] [32mINFO[39m (38344): [36mrequest completed[39m
    [35mreq[39m: {
      "id": 213,
      "method": "GET",
      "url": "/api/auth/status"
    }
    [35mres[39m: {
      "statusCode": 200
    }
    [35mresponseTime[39m: 435
[16:36:55.721] [32mINFO[39m (38344): [36mrequest completed[39m
    [35mreq[39m: {
      "id": 214,
      "method": "GET",
      "url": "/api/auth/status"
    }
    [35mres[39m: {
      "statusCode": 200
    }
    [35mresponseTime[39m: 463
[16:37:02.017] [32mINFO[39m (38344): [36mrequest completed[39m
    [35mreq[39m: {
      "id": 215,
      "method": "GET",
      "url": "/api/auth/status"
    }
    [35mres[39m: {
      "statusCode": 200
    }
    [35mresponseTime[39m: 460
[16:37:07.690] [32mINFO[39m (38344): [36mrequest completed[39m
    [35mreq[39m: {
      "id": 216,
      "method": "GET",
      "url": "/api/auth/status"
    }
    [35mres[39m: {
      "statusCode": 200
    }
    [35mresponseTime[39m: 443
[16:37:14.040] [32mINFO[39m (38344): [36mrequest completed[39m
    [35mreq[39m: {
      "id": 217,
      "method": "GET",
      "url": "/api/auth/status"
    }
    [35mres[39m: {
      "statusCode": 200
    }
    [35mresponseTime[39m: 470
[16:37:19.704] [32mINFO[39m (38344): [36mrequest completed[39m
    [35mreq[39m: {
      "id": 218,
      "method": "GET",
      "url": "/api/auth/status"
    }
    [35mres[39m: {
      "statusCode": 200
    }
    [35mresponseTime[39m: 447
[16:37:26.009] [32mINFO[39m (38344): [36mrequest completed[39m
    [35mreq[39m: {
      "id": 219,
      "method": "GET",
      "url": "/api/auth/status"
    }
    [35mres[39m: {
      "statusCode": 200
    }
    [35mresponseTime[39m: 444
[16:37:31.767] [32mINFO[39m (38344): [36mrequest completed[39m
    [35mreq[39m: {
      "id": 220,
      "method": "GET",
      "url": "/api/auth/status"
    }
    [35mres[39m: {
      "statusCode": 200
    }
    [35mresponseTime[39m: 512
[16:37:33.502] [32mINFO[39m (38344): [36mrequest completed[39m
    [35mreq[39m: {
      "id": 221,
      "method": "POST",
      "url": "/api/auth/logout"
    }
    [35mres[39m: {
      "statusCode": 200
    }
    [35mresponseTime[39m: 0
[16:37:33.775] [32mINFO[39m (38344): [36mrequest completed[39m
    [35mreq[39m: {
      "id": 222,
      "method": "GET",
      "url": "/api/auth/status"
    }
    [35mres[39m: {
      "statusCode": 200
    }
    [35mresponseTime[39m: 0
[16:37:33.828] [32mINFO[39m (38344): [36mrequest completed[39m
    [35mreq[39m: {
      "id": 223,
      "method": "GET",
      "url": "/api/auth/status"
    }
    [35mres[39m: {
      "statusCode": 200
    }
    [35mresponseTime[39m: 1
[16:37:34.101] [32mINFO[39m (38344): [36mrequest completed[39m
    [35mreq[39m: {
      "id": 224,
      "method": "GET",
      "url": "/api/auth/status"
    }
    [35mres[39m: {
      "statusCode": 200
    }
    [35mresponseTime[39m: 1
[16:37:34.102] [32mINFO[39m (38344): [36mrequest completed[39m
    [35mreq[39m: {
      "id": 225,
      "method": "GET",
      "url": "/api/auth/me"
    }
    [35mres[39m: {
      "statusCode": 401
    }
    [35mresponseTime[39m: 1
[16:37:37.751] [32mINFO[39m (38344): [36mrequest completed[39m
    [35mreq[39m: {
      "id": 226,
      "method": "POST",
      "url": "/api/auth/login"
    }
    [35mres[39m: {
      "statusCode": 423
    }
    [35mresponseTime[39m: 395
[16:37:40.106] [32mINFO[39m (38344): [36mrequest completed[39m
    [35mreq[39m: {
      "id": 227,
      "method": "GET",
      "url": "/api/auth/status"
    }
    [35mres[39m: {
      "statusCode": 200
    }
    [35mresponseTime[39m: 1
[16:37:40.550] [32mINFO[39m (38344): [36mrequest completed[39m
    [35mreq[39m: {
      "id": 228,
      "method": "POST",
      "url": "/api/auth/login"
    }
    [35mres[39m: {
      "statusCode": 200
    }
    [35mresponseTime[39m: 2
[16:37:40.558] [32mINFO[39m (38344): [36mrequest completed[39m
    [35mreq[39m: {
      "id": 229,
      "method": "GET",
      "url": "/api/auth/me"
    }
    [35mres[39m: {
      "statusCode": 200
    }
    [35mresponseTime[39m: 1
[16:37:40.899] [32mINFO[39m (38344): [36mrequest completed[39m
    [35mreq[39m: {
      "id": 230,
      "method": "GET",
      "url": "/api/auth/status"
    }
    [35mres[39m: {
      "statusCode": 200
    }
    [35mresponseTime[39m: 1
[16:37:46.580] [32mINFO[39m (38344): [36mrequest completed[39m
    [35mreq[39m: {
      "id": 231,
      "method": "GET",
      "url": "/api/auth/status"
    }
    [35mres[39m: {
      "statusCode": 200
    }
    [35mresponseTime[39m: 2
[16:37:49.717] [32mINFO[39m (38344): [36mrequest completed[39m
    [35mreq[39m: {
      "id": 232,
      "method": "GET",
      "url": "/api/auth/status"
    }
    [35mres[39m: {
      "statusCode": 200
    }
    [35mresponseTime[39m: 1
[16:37:50.210] [32mINFO[39m (38344): [36mrequest completed[39m
    [35mreq[39m: {
      "id": 233,
      "method": "GET",
      "url": "/api/clinics"
    }
    [35mres[39m: {
      "statusCode": 304
    }
    [35mresponseTime[39m: 356
[16:37:54.958] [32mINFO[39m (38344): [36mrequest completed[39m
    [35mreq[39m: {
      "id": 234,
      "method": "GET",
      "url": "/api/clinics/1/accounts"
    }
    [35mres[39m: {
      "statusCode": 200
    }
    [35mresponseTime[39m: 289
[16:37:55.863] [32mINFO[39m (38344): [36mrequest completed[39m
    [35mreq[39m: {
      "id": 235,
      "method": "GET",
      "url": "/api/auth/status"
    }
    [35mres[39m: {
      "statusCode": 200
    }
    [35mresponseTime[39m: 1
[16:38:01.185] [32mINFO[39m (38344): [36mrequest completed[39m
    [35mreq[39m: {
      "id": 236,
      "method": "GET",
      "url": "/api/clinics/4/accounts"
    }
    [35mres[39m: {
      "statusCode": 304
    }
    [35mresponseTime[39m: 254
[16:38:01.872] [32mINFO[39m (38344): [36mrequest completed[39m
    [35mreq[39m: {
      "id": 237,
      "method": "GET",
      "url": "/api/auth/status"
    }
    [35mres[39m: {
      "statusCode": 200
    }
    [35mresponseTime[39m: 2
[16:38:07.558] [32mINFO[39m (38344): [36mrequest completed[39m
    [35mreq[39m: {
      "id": 238,
      "method": "GET",
      "url": "/api/auth/status"
    }
    [35mres[39m: {
      "statusCode": 200
    }
    [35mresponseTime[39m: 1
[16:38:13.872] [32mINFO[39m (38344): [36mrequest completed[39m
    [35mreq[39m: {
      "id": 239,
      "method": "GET",
      "url": "/api/auth/status"
    }
    [35mres[39m: {
      "statusCode": 200
    }
    [35mresponseTime[39m: 2
[16:38:19.571] [32mINFO[39m (38344): [36mrequest completed[39m
    [35mreq[39m: {
      "id": 240,
      "method": "GET",
      "url": "/api/auth/status"
    }
    [35mres[39m: {
      "statusCode": 200
    }
    [35mresponseTime[39m: 2
[16:38:25.865] [32mINFO[39m (38344): [36mrequest completed[39m
    [35mreq[39m: {
      "id": 241,
      "method": "GET",
      "url": "/api/auth/status"
    }
    [35mres[39m: {
      "statusCode": 200
    }
    [35mresponseTime[39m: 2
[16:38:31.557] [32mINFO[39m (38344): [36mrequest completed[39m
    [35mreq[39m: {
      "id": 242,
      "method": "GET",
      "url": "/api/auth/status"
    }
    [35mres[39m: {
      "statusCode": 200
    }
    [35mresponseTime[39m: 1
[16:38:37.867] [32mINFO[39m (38344): [36mrequest completed[39m
    [35mreq[39m: {
      "id": 243,
      "method": "GET",
      "url": "/api/auth/status"
    }
    [35mres[39m: {
      "statusCode": 200
    }
    [35mresponseTime[39m: 1
[16:38:43.559] [32mINFO[39m (38344): [36mrequest completed[39m
    [35mreq[39m: {
      "id": 244,
      "method": "GET",
      "url": "/api/auth/status"
    }
    [35mres[39m: {
      "statusCode": 200
    }
    [35mresponseTime[39m: 3
[16:38:49.872] [32mINFO[39m (38344): [36mrequest completed[39m
    [35mreq[39m: {
      "id": 245,
      "method": "GET",
      "url": "/api/auth/status"
    }
    [35mres[39m: {
      "statusCode": 200
    }
    [35mresponseTime[39m: 1
[16:38:55.556] [32mINFO[39m (38344): [36mrequest completed[39m
    [35mreq[39m: {
      "id": 246,
      "method": "GET",
      "url": "/api/auth/status"
    }
    [35mres[39m: {
      "statusCode": 200
    }
    [35mresponseTime[39m: 1
[16:39:00.690] [32mINFO[39m (38344): [36mrequest completed[39m
    [35mreq[39m: {
      "id": 247,
      "method": "POST",
      "url": "/api/clinics/4/accounts/10/frozen"
    }
    [35mres[39m: {
      "statusCode": 200
    }
    [35mresponseTime[39m: 313
[16:39:00.953] [32mINFO[39m (38344): [36mrequest completed[39m
    [35mreq[39m: {
      "id": 248,
      "method": "GET",
      "url": "/api/clinics/4/accounts"
    }
    [35mres[39m: {
      "statusCode": 200
    }
    [35mresponseTime[39m: 253
[16:39:01.115] [32mINFO[39m (38344): [36mrequest completed[39m
    [35mreq[39m: {
      "id": 249,
      "method": "GET",
      "url": "/api/clinics"
    }
    [35mres[39m: {
      "statusCode": 304
    }
    [35mresponseTime[39m: 114
[16:39:01.870] [32mINFO[39m (38344): [36mrequest completed[39m
    [35mreq[39m: {
      "id": 250,
      "method": "GET",
      "url": "/api/auth/status"
    }
    [35mres[39m: {
      "statusCode": 200
    }
    [35mresponseTime[39m: 1
[16:39:03.783] [32mINFO[39m (38344): [36mrequest completed[39m
    [35mreq[39m: {
      "id": 251,
      "method": "POST",
      "url": "/api/auth/logout"
    }
    [35mres[39m: {
      "statusCode": 200
    }
    [35mresponseTime[39m: 1
[16:39:04.124] [32mINFO[39m (38344): [36mrequest completed[39m
    [35mreq[39m: {
      "id": 252,
      "method": "GET",
      "url": "/api/auth/status"
    }
    [35mres[39m: {
      "statusCode": 200
    }
    [35mresponseTime[39m: 1
[16:39:04.125] [32mINFO[39m (38344): [36mrequest completed[39m
    [35mreq[39m: {
      "id": 253,
      "method": "GET",
      "url": "/api/auth/status"
    }
    [35mres[39m: {
      "statusCode": 200
    }
    [35mresponseTime[39m: 1
[16:39:04.367] [32mINFO[39m (38344): [36mrequest completed[39m
    [35mreq[39m: {
      "id": 254,
      "method": "GET",
      "url": "/api/auth/status"
    }
    [35mres[39m: {
      "statusCode": 200
    }
    [35mresponseTime[39m: 1
[16:39:04.369] [32mINFO[39m (38344): [36mrequest completed[39m
    [35mreq[39m: {
      "id": 255,
      "method": "GET",
      "url": "/api/auth/me"
    }
    [35mres[39m: {
      "statusCode": 401
    }
    [35mresponseTime[39m: 1
[16:39:07.682] [32mINFO[39m (38344): [36mrequest completed[39m
    [35mreq[39m: {
      "id": 256,
      "method": "POST",
      "url": "/api/auth/login"
    }
    [35mres[39m: {
      "statusCode": 200
    }
    [35mresponseTime[39m: 421
[16:39:07.694] [32mINFO[39m (38344): [36mrequest completed[39m
    [35mreq[39m: {
      "id": 257,
      "method": "GET",
      "url": "/api/auth/me"
    }
    [35mres[39m: {
      "statusCode": 200
    }
    [35mresponseTime[39m: 1
[16:39:08.037] [32mINFO[39m (38344): [36mrequest completed[39m
    [35mreq[39m: {
      "id": 258,
      "method": "GET",
      "url": "/api/auth/status"
    }
    [35mres[39m: {
      "statusCode": 200
    }
    [35mresponseTime[39m: 328
[16:39:08.152] [32mINFO[39m (38344): [36mrequest completed[39m
    [35mreq[39m: {
      "id": 260,
      "method": "GET",
      "url": "/api/dashboard/funnel"
    }
    [35mres[39m: {
      "statusCode": 200
    }
    [35mresponseTime[39m: 93
[16:39:08.331] [32mINFO[39m (38344): [36mrequest completed[39m
    [35mreq[39m: {
      "id": 259,
      "method": "GET",
      "url": "/api/dashboard/stats"
    }
    [35mres[39m: {
      "statusCode": 200
    }
    [35mresponseTime[39m: 585
[16:39:09.913] [32mINFO[39m (38344): [36mrequest completed[39m
    [35mreq[39m: {
      "id": 261,
      "method": "POST",
      "url": "/api/auth/logout"
    }
    [35mres[39m: {
      "statusCode": 200
    }
    [35mresponseTime[39m: 1
[16:39:10.172] [32mINFO[39m (38344): [36mrequest completed[39m
    [35mreq[39m: {
      "id": 262,
      "method": "GET",
      "url": "/api/auth/status"
    }
    [35mres[39m: {
      "statusCode": 200
    }
    [35mresponseTime[39m: 1
[16:39:10.244] [32mINFO[39m (38344): [36mrequest completed[39m
    [35mreq[39m: {
      "id": 263,
      "method": "GET",
      "url": "/api/auth/status"
    }
    [35mres[39m: {
      "statusCode": 200
    }
    [35mresponseTime[39m: 0
[16:39:10.423] [32mINFO[39m (38344): [36mrequest completed[39m
    [35mreq[39m: {
      "id": 264,
      "method": "GET",
      "url": "/api/auth/status"
    }
    [35mres[39m: {
      "statusCode": 200
    }
    [35mresponseTime[39m: 0
[16:39:10.424] [32mINFO[39m (38344): [36mrequest completed[39m
    [35mreq[39m: {
      "id": 265,
      "method": "GET",
      "url": "/api/auth/me"
    }
    [35mres[39m: {
      "statusCode": 401
    }
    [35mresponseTime[39m: 1
[16:39:13.037] [32mINFO[39m (38344): [36mrequest completed[39m
    [35mreq[39m: {
      "id": 266,
      "method": "POST",
      "url": "/api/auth/login"
    }
    [35mres[39m: {
      "statusCode": 200
    }
    [35mresponseTime[39m: 383
[16:39:13.052] [32mINFO[39m (38344): [36mrequest completed[39m
    [35mreq[39m: {
      "id": 267,
      "method": "GET",
      "url": "/api/auth/me"
    }
    [35mres[39m: {
      "statusCode": 200
    }
    [35mresponseTime[39m: 1
[16:39:13.431] [32mINFO[39m (38344): [36mrequest completed[39m
    [35mreq[39m: {
      "id": 268,
      "method": "GET",
      "url": "/api/auth/status"
    }
    [35mres[39m: {
      "statusCode": 200
    }
    [35mresponseTime[39m: 327
[16:39:13.539] [32mINFO[39m (38344): [36mrequest completed[39m
    [35mreq[39m: {
      "id": 270,
      "method": "GET",
      "url": "/api/dashboard/funnel"
    }
    [35mres[39m: {
      "statusCode": 200
    }
    [35mresponseTime[39m: 108
[16:39:13.667] [32mINFO[39m (38344): [36mrequest completed[39m
    [35mreq[39m: {
      "id": 269,
      "method": "GET",
      "url": "/api/dashboard/stats"
    }
    [35mres[39m: {
      "statusCode": 200
    }
    [35mresponseTime[39m: 559
[16:39:15.830] [32mINFO[39m (38344): [36mrequest completed[39m
    [35mreq[39m: {
      "id": 271,
      "method": "GET",
      "url": "/api/auth/status"
    }
    [35mres[39m: {
      "statusCode": 200
    }
    [35mresponseTime[39m: 2
[16:39:15.853] [32mINFO[39m (38344): [36mrequest completed[39m
    [35mreq[39m: {
      "id": 273,
      "method": "POST",
      "url": "/api/db"
    }
    [35mres[39m: {
      "statusCode": 403
    }
    [35mresponseTime[39m: 1
[16:39:15.855] [32mINFO[39m (38344): [36mrequest completed[39m
    [35mreq[39m: {
      "id": 274,
      "method": "POST",
      "url": "/api/db"
    }
    [35mres[39m: {
      "statusCode": 403
    }
    [35mresponseTime[39m: 1
[16:39:15.860] [32mINFO[39m (38344): [36mrequest completed[39m
    [35mreq[39m: {
      "id": 276,
      "method": "POST",
      "url": "/api/db"
    }
    [35mres[39m: {
      "statusCode": 403
    }
    [35mresponseTime[39m: 2
[16:39:15.950] [32mINFO[39m (38344): [36mrequest completed[39m
    [35mreq[39m: {
      "id": 272,
      "method": "POST",
      "url": "/api/db"
    }
    [35mres[39m: {
      "statusCode": 200
    }
    [35mresponseTime[39m: 101
[16:39:16.061] [32mINFO[39m (38344): [36mrequest completed[39m
    [35mreq[39m: {
      "id": 275,
      "method": "POST",
      "url": "/api/db"
    }
    [35mres[39m: {
      "statusCode": 200
    }
    [35mresponseTime[39m: 206
[16:39:16.842] [32mINFO[39m (38344): [36mrequest completed[39m
    [35mreq[39m: {
      "id": 278,
      "method": "POST",
      "url": "/api/db"
    }
    [35mres[39m: {
      "statusCode": 403
    }
    [35mresponseTime[39m: 1
[16:39:16.842] [32mINFO[39m (38344): [36mrequest completed[39m
    [35mreq[39m: {
      "id": 279,
      "method": "POST",
      "url": "/api/db"
    }
    [35mres[39m: {
      "statusCode": 403
    }
    [35mresponseTime[39m: 0
[16:39:16.949] [32mINFO[39m (38344): [36mrequest completed[39m
    [35mreq[39m: {
      "id": 277,
      "method": "POST",
      "url": "/api/db"
    }
    [35mres[39m: {
      "statusCode": 200
    }
    [35mresponseTime[39m: 110
[16:39:17.474] [32mINFO[39m (38344): [36mrequest completed[39m
    [35mreq[39m: {
      "id": 280,
      "method": "GET",
      "url": "/api/auth/status"
    }
    [35mres[39m: {
      "statusCode": 200
    }
    [35mresponseTime[39m: 1
[16:39:17.945] [32mINFO[39m (38344): [36mrequest aborted[39m
    [35mreq[39m: {
      "id": 281,
      "method": "GET",
      "url": "/api/dashboard/stats"
    }
    [35mres[39m: {
      "statusCode": null
    }
    [35mresponseTime[39m: 169
[16:39:17.946] [32mINFO[39m (38344): [36mrequest aborted[39m
    [35mreq[39m: {
      "id": 282,
      "method": "GET",
      "url": "/api/dashboard/funnel"
    }
    [35mres[39m: {
      "statusCode": null
    }
    [35mresponseTime[39m: 163
[16:39:18.255] [32mINFO[39m (38344): [36mrequest completed[39m
    [35mreq[39m: {
      "id": 286,
      "method": "GET",
      "url": "/api/auth/status"
    }
    [35mres[39m: {
      "statusCode": 200
    }
    [35mresponseTime[39m: 1
[16:39:18.483] [32mINFO[39m (38344): [36mrequest completed[39m
    [35mreq[39m: {
      "id": 283,
      "method": "GET",
      "url": "/api/patients"
    }
    [35mres[39m: {
      "statusCode": 200
    }
    [35mresponseTime[39m: 240
[16:39:18.490] [32mINFO[39m (38344): [36mrequest completed[39m
    [35mreq[39m: {
      "id": 284,
      "method": "GET",
      "url": "/api/appointments"
    }
    [35mres[39m: {
      "statusCode": 304
    }
    [35mresponseTime[39m: 244
[16:39:18.491] [32mINFO[39m (38344): [36mrequest completed[39m
    [35mreq[39m: {
      "id": 287,
      "method": "GET",
      "url": "/api/settings/branches"
    }
    [35mres[39m: {
      "statusCode": 200
    }
    [35mresponseTime[39m: 234
[16:39:18.637] [32mINFO[39m (38344): [36mrequest completed[39m
    [35mreq[39m: {
      "id": 285,
      "method": "GET",
      "url": "/api/services"
    }
    [35mres[39m: {
      "statusCode": 200
    }
    [35mresponseTime[39m: 388
[16:39:19.292] [32mINFO[39m (38344): [36mrequest completed[39m
    [35mreq[39m: {
      "id": 288,
      "method": "GET",
      "url": "/api/auth/status"
    }
    [35mres[39m: {
      "statusCode": 200
    }
    [35mresponseTime[39m: 192
[16:39:19.332] [32mINFO[39m (38344): [36mrequest aborted[39m
    [35mreq[39m: {
      "id": 289,
      "method": "GET",
      "url": "/api/patients/next-code"
    }
    [35mres[39m: {
      "statusCode": null
    }
    [35mresponseTime[39m: 230
[16:39:19.333] [32mINFO[39m (38344): [36mrequest aborted[39m
    [35mreq[39m: {
      "id": 290,
      "method": "GET",
      "url": "/api/settings/referral-providers"
    }
    [35mres[39m: {
      "statusCode": null
    }
    [35mresponseTime[39m: 228
[16:39:19.368] [32mINFO[39m (38344): [36mrequest completed[39m
    [35mreq[39m: {
      "id": 291,
      "method": "GET",
      "url": "/api/auth/status"
    }
    [35mres[39m: {
      "statusCode": 200
    }
    [35mresponseTime[39m: 1
[16:39:19.740] [32mINFO[39m (38344): [36mrequest completed[39m
    [35mreq[39m: {
      "id": 292,
      "method": "GET",
      "url": "/api/patients"
    }
    [35mres[39m: {
      "statusCode": 304
    }
    [35mresponseTime[39m: 110
[16:39:21.254] [32mINFO[39m (38344): [36mrequest completed[39m
    [35mreq[39m: {
      "id": 293,
      "method": "POST",
      "url": "/api/auth/logout"
    }
    [35mres[39m: {
      "statusCode": 200
    }
    [35mresponseTime[39m: 1
[16:39:21.601] [32mINFO[39m (38344): [36mrequest completed[39m
    [35mreq[39m: {
      "id": 294,
      "method": "GET",
      "url": "/api/auth/status"
    }
    [35mres[39m: {
      "statusCode": 200
    }
    [35mresponseTime[39m: 1
[16:39:21.601] [32mINFO[39m (38344): [36mrequest completed[39m
    [35mreq[39m: {
      "id": 295,
      "method": "GET",
      "url": "/api/auth/status"
    }
    [35mres[39m: {
      "statusCode": 200
    }
    [35mresponseTime[39m: 0
[16:39:21.829] [32mINFO[39m (38344): [36mrequest completed[39m
    [35mreq[39m: {
      "id": 296,
      "method": "GET",
      "url": "/api/auth/status"
    }
    [35mres[39m: {
      "statusCode": 200
    }
    [35mresponseTime[39m: 1
[16:39:21.830] [32mINFO[39m (38344): [36mrequest completed[39m
    [35mreq[39m: {
      "id": 297,
      "method": "GET",
      "url": "/api/auth/me"
    }
    [35mres[39m: {
      "statusCode": 401
    }
    [35mresponseTime[39m: 1
[16:39:24.543] [32mINFO[39m (38344): [36mrequest completed[39m
    [35mreq[39m: {
      "id": 298,
      "method": "POST",
      "url": "/api/auth/login"
    }
    [35mres[39m: {
      "statusCode": 200
    }
    [35mresponseTime[39m: 395
[16:39:24.553] [32mINFO[39m (38344): [36mrequest completed[39m
    [35mreq[39m: {
      "id": 299,
      "method": "GET",
      "url": "/api/auth/me"
    }
    [35mres[39m: {
      "statusCode": 200
    }
    [35mresponseTime[39m: 1
[16:39:24.906] [32mINFO[39m (38344): [36mrequest completed[39m
    [35mreq[39m: {
      "id": 300,
      "method": "GET",
      "url": "/api/auth/status"
    }
    [35mres[39m: {
      "statusCode": 200
    }
    [35mresponseTime[39m: 338
[16:39:25.084] [32mINFO[39m (38344): [36mrequest completed[39m
    [35mreq[39m: {
      "id": 302,
      "method": "GET",
      "url": "/api/dashboard/funnel"
    }
    [35mres[39m: {
      "statusCode": 200
    }
    [35mresponseTime[39m: 196
[16:39:25.187] [32mINFO[39m (38344): [36mrequest completed[39m
    [35mreq[39m: {
      "id": 301,
      "method": "GET",
      "url": "/api/dashboard/stats"
    }
    [35mres[39m: {
      "statusCode": 200
    }
    [35mresponseTime[39m: 608
[16:39:31.563] [32mINFO[39m (38344): [36mrequest completed[39m
    [35mreq[39m: {
      "id": 303,
      "method": "GET",
      "url": "/api/auth/status"
    }
    [35mres[39m: {
      "statusCode": 200
    }
    [35mresponseTime[39m: 446
[16:39:37.277] [32mINFO[39m (38344): [36mrequest completed[39m
    [35mreq[39m: {
      "id": 304,
      "method": "GET",
      "url": "/api/auth/status"
    }
    [35mres[39m: {
      "statusCode": 200
    }
    [35mresponseTime[39m: 457
[16:39:43.558] [32mINFO[39m (38344): [36mrequest completed[39m
    [35mreq[39m: {
      "id": 305,
      "method": "GET",
      "url": "/api/auth/status"
    }
    [35mres[39m: {
      "statusCode": 200
    }
    [35mresponseTime[39m: 426
[16:39:49.254] [32mINFO[39m (38344): [36mrequest completed[39m
    [35mreq[39m: {
      "id": 306,
      "method": "GET",
      "url": "/api/auth/status"
    }
    [35mres[39m: {
      "statusCode": 200
    }
    [35mresponseTime[39m: 438
[16:39:55.604] [32mINFO[39m (38344): [36mrequest completed[39m
    [35mreq[39m: {
      "id": 307,
      "method": "GET",
      "url": "/api/auth/status"
    }
    [35mres[39m: {
      "statusCode": 200
    }
    [35mresponseTime[39m: 471
[16:40:01.258] [32mINFO[39m (38344): [36mrequest completed[39m
    [35mreq[39m: {
      "id": 308,
      "method": "GET",
      "url": "/api/auth/status"
    }
    [35mres[39m: {
      "statusCode": 200
    }
    [35mresponseTime[39m: 447
[16:40:07.563] [32mINFO[39m (38344): [36mrequest completed[39m
    [35mreq[39m: {
      "id": 309,
      "method": "GET",
      "url": "/api/auth/status"
    }
    [35mres[39m: {
      "statusCode": 200
    }
    [35mresponseTime[39m: 434
[16:40:13.278] [32mINFO[39m (38344): [36mrequest completed[39m
    [35mreq[39m: {
      "id": 310,
      "method": "GET",
      "url": "/api/auth/status"
    }
    [35mres[39m: {
      "statusCode": 200
    }
    [35mresponseTime[39m: 458
[16:40:19.570] [32mINFO[39m (38344): [36mrequest completed[39m
    [35mreq[39m: {
      "id": 311,
      "method": "GET",
      "url": "/api/auth/status"
    }
    [35mres[39m: {
      "statusCode": 200
    }
    [35mresponseTime[39m: 442
[16:40:25.249] [32mINFO[39m (38344): [36mrequest completed[39m
    [35mreq[39m: {
      "id": 312,
      "method": "GET",
      "url": "/api/auth/status"
    }
    [35mres[39m: {
      "statusCode": 200
    }
    [35mresponseTime[39m: 440
[16:41:15.001] [32mINFO[39m (38344): [36mrequest completed[39m
    [35mreq[39m: {
      "id": 313,
      "method": "GET",
      "url": "/api/auth/status"
    }
    [35mres[39m: {
      "statusCode": 200
    }
    [35mresponseTime[39m: 875
[16:42:14.286] [32mINFO[39m (38344): [36mrequest completed[39m
    [35mreq[39m: {
      "id": 314,
      "method": "GET",
      "url": "/api/auth/status"
    }
    [35mres[39m: {
      "statusCode": 200
    }
    [35mresponseTime[39m: 469
[16:42:55.816] [32mINFO[39m (38344): [36mrequest completed[39m
    [35mreq[39m: {
      "id": 315,
      "method": "POST",
      "url": "/api/auth/login"
    }
    [35mres[39m: {
      "statusCode": 200
    }
    [35mresponseTime[39m: 1
[16:42:56.107] [32mINFO[39m (38344): [36mrequest completed[39m
    [35mreq[39m: {
      "id": 316,
      "method": "POST",
      "url": "/api/clinics/4/accounts/9/frozen"
    }
    [35mres[39m: {
      "statusCode": 200
    }
    [35mresponseTime[39m: 257
[16:42:56.414] [32mINFO[39m (38344): [36mrequest completed[39m
    [35mreq[39m: {
      "id": 317,
      "method": "POST",
      "url": "/api/auth/login"
    }
    [35mres[39m: {
      "statusCode": 200
    }
    [35mresponseTime[39m: 242
[16:42:56.939] [32mINFO[39m (38344): [36mrequest completed[39m
    [35mreq[39m: {
      "id": 318,
      "method": "POST",
      "url": "/api/db"
    }
    [35mres[39m: {
      "statusCode": 200
    }
    [35mresponseTime[39m: 500
[16:42:57.093] [32mINFO[39m (38344): [36mrequest errored[39m
    [35mreq[39m: {
      "id": 319,
      "method": "POST",
      "url": "/api/db"
    }
    [35mres[39m: {
      "statusCode": 500
    }
    [35mresponseTime[39m: 138
    err: {
      "type": "Error",
      "message": "failed with status code 500",
      "stack":
          Error: failed with status code 500
              at onResFinished (C:\Users\MOH\Documents\GG\dr-ziyad-cl\zip-repl\node_modules\.pnpm\pino-http@10.5.0\node_modules\pino-http\logger.js:115:39)
              at ServerResponse.onResponseComplete (C:\Users\MOH\Documents\GG\dr-ziyad-cl\zip-repl\node_modules\.pnpm\pino-http@10.5.0\node_modules\pino-http\logger.js:178:14)
              at ServerResponse.emit (node:events:521:24)
              at onFinish (node:_http_outgoing:1031:10)
              at callback (node:internal/streams/writable:764:21)
              at afterWrite (node:internal/streams/writable:708:5)
              at afterWriteTick (node:internal/streams/writable:694:10)
              at process.processTicksAndRejections (node:internal/process/task_queues:89:21)
    }
[16:42:57.566] [32mINFO[39m (38344): [36mrequest errored[39m
    [35mreq[39m: {
      "id": 320,
      "method": "POST",
      "url": "/api/db"
    }
    [35mres[39m: {
      "statusCode": 500
    }
    [35mresponseTime[39m: 129
    err: {
      "type": "Error",
      "message": "failed with status code 500",
      "stack":
          Error: failed with status code 500
              at onResFinished (C:\Users\MOH\Documents\GG\dr-ziyad-cl\zip-repl\node_modules\.pnpm\pino-http@10.5.0\node_modules\pino-http\logger.js:115:39)
              at ServerResponse.onResponseComplete (C:\Users\MOH\Documents\GG\dr-ziyad-cl\zip-repl\node_modules\.pnpm\pino-http@10.5.0\node_modules\pino-http\logger.js:178:14)
              at ServerResponse.emit (node:events:521:24)
              at onFinish (node:_http_outgoing:1031:10)
              at callback (node:internal/streams/writable:764:21)
              at afterWrite (node:internal/streams/writable:708:5)
              at afterWriteTick (node:internal/streams/writable:694:10)
              at process.processTicksAndRejections (node:internal/process/task_queues:89:21)
    }
[16:42:57.688] [32mINFO[39m (38344): [36mrequest completed[39m
    [35mreq[39m: {
      "id": 321,
      "method": "POST",
      "url": "/api/db"
    }
    [35mres[39m: {
      "statusCode": 200
    }
    [35mresponseTime[39m: 112
[16:42:57.799] [32mINFO[39m (38344): [36mrequest completed[39m
    [35mreq[39m: {
      "id": 322,
      "method": "POST",
      "url": "/api/db"
    }
    [35mres[39m: {
      "statusCode": 200
    }
    [35mresponseTime[39m: 100
[16:43:14.595] [32mINFO[39m (38344): [36mrequest completed[39m
    [35mreq[39m: {
      "id": 323,
      "method": "GET",
      "url": "/api/auth/status"
    }
    [35mres[39m: {
      "statusCode": 200
    }
    [35mresponseTime[39m: 466
[16:43:34.917] [32mINFO[39m (38344): [36mrequest completed[39m
    [35mreq[39m: {
      "id": 324,
      "method": "POST",
      "url": "/api/auth/login"
    }
    [35mres[39m: {
      "statusCode": 200
    }
    [35mresponseTime[39m: 2
[16:43:35.304] [32mINFO[39m (38344): [36mrequest completed[39m
    [35mreq[39m: {
      "id": 325,
      "method": "POST",
      "url": "/api/auth/login"
    }
    [35mres[39m: {
      "statusCode": 200
    }
    [35mresponseTime[39m: 358
[16:43:35.798] [32mINFO[39m (38344): [36mrequest completed[39m
    [35mreq[39m: {
      "id": 326,
      "method": "POST",
      "url": "/api/db"
    }
    [35mres[39m: {
      "statusCode": 200
    }
    [35mresponseTime[39m: 465
[16:43:36.011] [32mINFO[39m (38344): [36mrequest completed[39m
    [35mreq[39m: {
      "id": 327,
      "method": "POST",
      "url": "/api/db"
    }
    [35mres[39m: {
      "statusCode": 200
    }
    [35mresponseTime[39m: 136
[16:43:36.114] [32mINFO[39m (38344): [36mrequest completed[39m
    [35mreq[39m: {
      "id": 328,
      "method": "POST",
      "url": "/api/db"
    }
    [35mres[39m: {
      "statusCode": 200
    }
    [35mresponseTime[39m: 97
[16:43:36.224] [32mINFO[39m (38344): [36mrequest completed[39m
    [35mreq[39m: {
      "id": 329,
      "method": "POST",
      "url": "/api/db"
    }
    [35mres[39m: {
      "statusCode": 200
    }
    [35mresponseTime[39m: 95
[16:43:36.336] [32mINFO[39m (38344): [36mrequest completed[39m
    [35mreq[39m: {
      "id": 330,
      "method": "POST",
      "url": "/api/db"
    }
    [35mres[39m: {
      "statusCode": 200
    }
    [35mresponseTime[39m: 95
[16:44:09.828] [32mINFO[39m (38344): [36mrequest completed[39m
    [35mreq[39m: {
      "id": 331,
      "method": "POST",
      "url": "/api/auth/login"
    }
    [35mres[39m: {
      "statusCode": 200
    }
    [35mresponseTime[39m: 2
[16:44:10.180] [32mINFO[39m (38344): [36mrequest completed[39m
    [35mreq[39m: {
      "id": 332,
      "method": "POST",
      "url": "/api/db"
    }
    [35mres[39m: {
      "statusCode": 200
    }
    [35mresponseTime[39m: 297
[16:44:10.496] [32mINFO[39m (38344): [36mrequest completed[39m
    [35mreq[39m: {
      "id": 333,
      "method": "POST",
      "url": "/api/auth/login"
    }
    [35mres[39m: {
      "statusCode": 200
    }
    [35mresponseTime[39m: 253
[16:44:11.048] [32mINFO[39m (38344): [36mrequest completed[39m
    [35mreq[39m: {
      "id": 334,
      "method": "POST",
      "url": "/api/db"
    }
    [35mres[39m: {
      "statusCode": 200
    }
    [35mresponseTime[39m: 525
[16:44:11.170] [32mINFO[39m (38344): [36mrequest completed[39m
    [35mreq[39m: {
      "id": 335,
      "method": "POST",
      "url": "/api/db"
    }
    [35mres[39m: {
      "statusCode": 200
    }
    [35mresponseTime[39m: 116
[16:44:11.299] [32mINFO[39m (38344): [36mrequest completed[39m
    [35mreq[39m: {
      "id": 336,
      "method": "POST",
      "url": "/api/db"
    }
    [35mres[39m: {
      "statusCode": 200
    }
    [35mresponseTime[39m: 112
[16:44:11.401] [32mINFO[39m (38344): [36mrequest completed[39m
    [35mreq[39m: {
      "id": 337,
      "method": "POST",
      "url": "/api/db"
    }
    [35mres[39m: {
      "statusCode": 200
    }
    [35mresponseTime[39m: 98
[16:44:14.034] [32mINFO[39m (38344): [36mrequest completed[39m
    [35mreq[39m: {
      "id": 338,
      "method": "GET",
      "url": "/api/auth/status"
    }
    [35mres[39m: {
      "statusCode": 200
    }
    [35mresponseTime[39m: 220
[16:45:14.766] [32mINFO[39m (38344): [36mrequest completed[39m
    [35mreq[39m: {
      "id": 339,
      "method": "GET",
      "url": "/api/auth/status"
    }
    [35mres[39m: {
      "statusCode": 200
    }
    [35mresponseTime[39m: 644
[16:46:14.300] [32mINFO[39m (38344): [36mrequest completed[39m
    [35mreq[39m: {
      "id": 340,
      "method": "GET",
      "url": "/api/auth/status"
    }
    [35mres[39m: {
      "statusCode": 200
    }
    [35mresponseTime[39m: 480
[16:47:14.677] [32mINFO[39m (38344): [36mrequest completed[39m
    [35mreq[39m: {
      "id": 341,
      "method": "GET",
      "url": "/api/auth/status"
    }
    [35mres[39m: {
      "statusCode": 200
    }
    [35mresponseTime[39m: 554
[16:48:14.296] [32mINFO[39m (38344): [36mrequest completed[39m
    [35mreq[39m: {
      "id": 342,
      "method": "GET",
      "url": "/api/auth/status"
    }
    [35mres[39m: {
      "statusCode": 200
    }
    [35mresponseTime[39m: 487
[16:49:07.121] [32mINFO[39m (38344): [36mrequest completed[39m
    [35mreq[39m: {
      "id": 343,
      "method": "POST",
      "url": "/api/auth/login"
    }
    [35mres[39m: {
      "statusCode": 200
    }
    [35mresponseTime[39m: 3
[16:49:07.613] [32mINFO[39m (38344): [36mrequest completed[39m
    [35mreq[39m: {
      "id": 344,
      "method": "POST",
      "url": "/api/auth/login"
    }
    [35mres[39m: {
      "statusCode": 200
    }
    [35mresponseTime[39m: 412
[16:49:08.026] [32mINFO[39m (38344): [36mrequest completed[39m
    [35mreq[39m: {
      "id": 345,
      "method": "GET",
      "url": "/api/services"
    }
    [35mres[39m: {
      "statusCode": 200
    }
    [35mresponseTime[39m: 371
[16:49:08.536] [32mINFO[39m (38344): [36mrequest completed[39m
    [35mreq[39m: {
      "id": 346,
      "method": "GET",
      "url": "/api/services"
    }
    [35mres[39m: {
      "statusCode": 200
    }
    [35mresponseTime[39m: 471
[16:49:08.722] [32mINFO[39m (38344): [36mrequest completed[39m
    [35mreq[39m: {
      "id": 347,
      "method": "POST",
      "url": "/api/services"
    }
    [35mres[39m: {
      "statusCode": 201
    }
    [35mresponseTime[39m: 118
[16:49:08.923] [32mINFO[39m (38344): [36mrequest completed[39m
    [35mreq[39m: {
      "id": 348,
      "method": "GET",
      "url": "/api/services"
    }
    [35mres[39m: {
      "statusCode": 200
    }
    [35mresponseTime[39m: 190
[16:49:09.065] [32mINFO[39m (38344): [36mrequest completed[39m
    [35mreq[39m: {
      "id": 349,
      "method": "POST",
      "url": "/api/db"
    }
    [35mres[39m: {
      "statusCode": 200
    }
    [35mresponseTime[39m: 122
[16:49:09.168] [32mINFO[39m (38344): [36mrequest completed[39m
    [35mreq[39m: {
      "id": 350,
      "method": "POST",
      "url": "/api/db"
    }
    [35mres[39m: {
      "statusCode": 200
    }
    [35mresponseTime[39m: 99
[16:49:15.121] [32mINFO[39m (38344): [36mrequest completed[39m
    [35mreq[39m: {
      "id": 351,
      "method": "GET",
      "url": "/api/auth/status"
    }
    [35mres[39m: {
      "statusCode": 200
    }
    [35mresponseTime[39m: 969
[16:50:14.301] [32mINFO[39m (38344): [36mrequest completed[39m
    [35mreq[39m: {
      "id": 352,
      "method": "GET",
      "url": "/api/auth/status"
    }
    [35mres[39m: {
      "statusCode": 200
    }
    [35mresponseTime[39m: 478
[16:50:48.539] [32mINFO[39m (38344): [36mrequest completed[39m
    [35mreq[39m: {
      "id": 353,
      "method": "GET",
      "url": "/api/auth/status"
    }
    [35mres[39m: {
      "statusCode": 200
    }
    [35mresponseTime[39m: 503
[16:50:48.570] [32mINFO[39m (38344): [36mrequest completed[39m
    [35mreq[39m: {
      "id": 354,
      "method": "GET",
      "url": "/api/auth/status"
    }
    [35mres[39m: {
      "statusCode": 200
    }
    [35mresponseTime[39m: 1
[16:50:55.605] [32mINFO[39m (38344): [36mrequest completed[39m
    [35mreq[39m: {
      "id": 355,
      "method": "GET",
      "url": "/api/auth/status"
    }
    [35mres[39m: {
      "statusCode": 200
    }
    [35mresponseTime[39m: 477
[16:51:01.322] [32mINFO[39m (38344): [36mrequest completed[39m
    [35mreq[39m: {
      "id": 356,
      "method": "GET",
      "url": "/api/auth/status"
    }
    [35mres[39m: {
      "statusCode": 200
    }
    [35mresponseTime[39m: 500
[16:51:07.490] [32mINFO[39m (38344): [36mrequest completed[39m
    [35mreq[39m: {
      "id": 357,
      "method": "GET",
      "url": "/api/auth/status"
    }
    [35mres[39m: {
      "statusCode": 200
    }
    [35mresponseTime[39m: 609
[16:51:10.589] [32mINFO[39m (38344): [36mrequest completed[39m
    [35mreq[39m: {
      "id": 358,
      "method": "POST",
      "url": "/api/auth/logout"
    }
    [35mres[39m: {
      "statusCode": 200
    }
    [35mresponseTime[39m: 1
[16:51:10.970] [32mINFO[39m (38344): [36mrequest completed[39m
    [35mreq[39m: {
      "id": 359,
      "method": "GET",
      "url": "/api/auth/status"
    }
    [35mres[39m: {
      "statusCode": 200
    }
    [35mresponseTime[39m: 1
[16:51:10.971] [32mINFO[39m (38344): [36mrequest completed[39m
    [35mreq[39m: {
      "id": 360,
      "method": "GET",
      "url": "/api/auth/status"
    }
    [35mres[39m: {
      "statusCode": 200
    }
    [35mresponseTime[39m: 1
[16:51:11.365] [32mINFO[39m (38344): [36mrequest completed[39m
    [35mreq[39m: {
      "id": 361,
      "method": "GET",
      "url": "/api/auth/status"
    }
    [35mres[39m: {
      "statusCode": 200
    }
    [35mresponseTime[39m: 1
[16:51:11.366] [32mINFO[39m (38344): [36mrequest completed[39m
    [35mreq[39m: {
      "id": 362,
      "method": "GET",
      "url": "/api/auth/me"
    }
    [35mres[39m: {
      "statusCode": 401
    }
    [35mresponseTime[39m: 0
[16:51:17.371] [32mINFO[39m (38344): [36mrequest completed[39m
    [35mreq[39m: {
      "id": 363,
      "method": "GET",
      "url": "/api/auth/status"
    }
    [35mres[39m: {
      "statusCode": 200
    }
    [35mresponseTime[39m: 1
[16:51:23.373] [32mINFO[39m (38344): [36mrequest completed[39m
    [35mreq[39m: {
      "id": 364,
      "method": "GET",
      "url": "/api/auth/status"
    }
    [35mres[39m: {
      "statusCode": 200
    }
    [35mresponseTime[39m: 1
[16:51:29.371] [32mINFO[39m (38344): [36mrequest completed[39m
    [35mreq[39m: {
      "id": 365,
      "method": "GET",
      "url": "/api/auth/status"
    }
    [35mres[39m: {
      "statusCode": 200
    }
    [35mresponseTime[39m: 1
[16:51:35.687] [32mINFO[39m (38344): [36mrequest completed[39m
    [35mreq[39m: {
      "id": 366,
      "method": "GET",
      "url": "/api/auth/status"
    }
    [35mres[39m: {
      "statusCode": 200
    }
    [35mresponseTime[39m: 1
[16:51:41.371] [32mINFO[39m (38344): [36mrequest completed[39m
    [35mreq[39m: {
      "id": 367,
      "method": "GET",
      "url": "/api/auth/status"
    }
    [35mres[39m: {
      "statusCode": 200
    }
    [35mresponseTime[39m: 0
[16:51:47.684] [32mINFO[39m (38344): [36mrequest completed[39m
    [35mreq[39m: {
      "id": 368,
      "method": "GET",
      "url": "/api/auth/status"
    }
    [35mres[39m: {
      "statusCode": 200
    }
    [35mresponseTime[39m: 1
[16:51:53.378] [32mINFO[39m (38344): [36mrequest completed[39m
    [35mreq[39m: {
      "id": 369,
      "method": "GET",
      "url": "/api/auth/status"
    }
    [35mres[39m: {
      "statusCode": 200
    }
    [35mresponseTime[39m: 1
[16:51:59.684] [32mINFO[39m (38344): [36mrequest completed[39m
    [35mreq[39m: {
      "id": 370,
      "method": "GET",
      "url": "/api/auth/status"
    }
    [35mres[39m: {
      "statusCode": 200
    }
    [35mresponseTime[39m: 0
[16:52:05.365] [32mINFO[39m (38344): [36mrequest completed[39m
    [35mreq[39m: {
      "id": 371,
      "method": "GET",
      "url": "/api/auth/status"
    }
    [35mres[39m: {
      "statusCode": 200
    }
    [35mresponseTime[39m: 0
[16:52:12.129] [32mINFO[39m (38344): [36mrequest completed[39m
    [35mreq[39m: {
      "id": 372,
      "method": "GET",
      "url": "/api/auth/status"
    }
    [35mres[39m: {
      "statusCode": 200
    }
    [35mresponseTime[39m: 0
[16:52:17.812] [32mINFO[39m (38344): [36mrequest completed[39m
    [35mreq[39m: {
      "id": 373,
      "method": "GET",
      "url": "/api/auth/status"
    }
    [35mres[39m: {
      "statusCode": 200
    }
    [35mresponseTime[39m: 1
[16:52:24.127] [32mINFO[39m (38344): [36mrequest completed[39m
    [35mreq[39m: {
      "id": 374,
      "method": "GET",
      "url": "/api/auth/status"
    }
    [35mres[39m: {
      "statusCode": 200
    }
    [35mresponseTime[39m: 1
[16:52:29.817] [32mINFO[39m (38344): [36mrequest completed[39m
    [35mreq[39m: {
      "id": 375,
      "method": "GET",
      "url": "/api/auth/status"
    }
    [35mres[39m: {
      "statusCode": 200
    }
    [35mresponseTime[39m: 1
[16:52:36.134] [32mINFO[39m (38344): [36mrequest completed[39m
    [35mreq[39m: {
      "id": 376,
      "method": "GET",
      "url": "/api/auth/status"
    }
    [35mres[39m: {
      "statusCode": 200
    }
    [35mresponseTime[39m: 1
[16:52:41.826] [32mINFO[39m (38344): [36mrequest completed[39m
    [35mreq[39m: {
      "id": 377,
      "method": "GET",
      "url": "/api/auth/status"
    }
    [35mres[39m: {
      "statusCode": 200
    }
    [35mresponseTime[39m: 1
[16:52:48.130] [32mINFO[39m (38344): [36mrequest completed[39m
    [35mreq[39m: {
      "id": 378,
      "method": "GET",
      "url": "/api/auth/status"
    }
    [35mres[39m: {
      "statusCode": 200
    }
    [35mresponseTime[39m: 1
[16:52:53.816] [32mINFO[39m (38344): [36mrequest completed[39m
    [35mreq[39m: {
      "id": 379,
      "method": "GET",
      "url": "/api/auth/status"
    }
    [35mres[39m: {
      "statusCode": 200
    }
    [35mresponseTime[39m: 1
[16:53:00.126] [32mINFO[39m (38344): [36mrequest completed[39m
    [35mreq[39m: {
      "id": 380,
      "method": "GET",
      "url": "/api/auth/status"
    }
    [35mres[39m: {
      "statusCode": 200
    }
    [35mresponseTime[39m: 1
[16:53:05.817] [32mINFO[39m (38344): [36mrequest completed[39m
    [35mreq[39m: {
      "id": 381,
      "method": "GET",
      "url": "/api/auth/status"
    }
    [35mres[39m: {
      "statusCode": 200
    }
    [35mresponseTime[39m: 1
[16:53:14.121] [32mINFO[39m (38344): [36mrequest completed[39m
    [35mreq[39m: {
      "id": 382,
      "method": "GET",
      "url": "/api/auth/status"
    }
    [35mres[39m: {
      "statusCode": 200
    }
    [35mresponseTime[39m: 1
[16:54:13.825] [32mINFO[39m (38344): [36mrequest completed[39m
    [35mreq[39m: {
      "id": 383,
      "method": "GET",
      "url": "/api/auth/status"
    }
    [35mres[39m: {
      "statusCode": 200
    }
    [35mresponseTime[39m: 1
[16:54:57.240] [32mINFO[39m (38344): [36mrequest completed[39m
    [35mreq[39m: {
      "id": 384,
      "method": "GET",
      "url": "/api/auth/status"
    }
    [35mres[39m: {
      "statusCode": 200
    }
    [35mresponseTime[39m: 1
[16:54:59.820] [32mINFO[39m (38344): [36mrequest completed[39m
    [35mreq[39m: {
      "id": 385,
      "method": "GET",
      "url": "/api/auth/status"
    }
    [35mres[39m: {
      "statusCode": 200
    }
    [35mresponseTime[39m: 1
[16:55:06.120] [32mINFO[39m (38344): [36mrequest completed[39m
    [35mreq[39m: {
      "id": 386,
      "method": "GET",
      "url": "/api/auth/status"
    }
    [35mres[39m: {
      "statusCode": 200
    }
    [35mresponseTime[39m: 1
[16:55:11.810] [32mINFO[39m (38344): [36mrequest completed[39m
    [35mreq[39m: {
      "id": 387,
      "method": "GET",
      "url": "/api/auth/status"
    }
    [35mres[39m: {
      "statusCode": 200
    }
    [35mresponseTime[39m: 0
[16:55:18.167] [32mINFO[39m (38344): [36mrequest completed[39m
    [35mreq[39m: {
      "id": 388,
      "method": "GET",
      "url": "/api/auth/status"
    }
    [35mres[39m: {
      "statusCode": 200
    }
    [35mresponseTime[39m: 1
[16:55:23.855] [32mINFO[39m (38344): [36mrequest completed[39m
    [35mreq[39m: {
      "id": 389,
      "method": "GET",
      "url": "/api/auth/status"
    }
    [35mres[39m: {
      "statusCode": 200
    }
    [35mresponseTime[39m: 1
[16:55:30.135] [32mINFO[39m (38344): [36mrequest completed[39m
    [35mreq[39m: {
      "id": 390,
      "method": "GET",
      "url": "/api/auth/status"
    }
    [35mres[39m: {
      "statusCode": 200
    }
    [35mresponseTime[39m: 1
[16:55:35.826] [32mINFO[39m (38344): [36mrequest completed[39m
    [35mreq[39m: {
      "id": 391,
      "method": "GET",
      "url": "/api/auth/status"
    }
    [35mres[39m: {
      "statusCode": 200
    }
    [35mresponseTime[39m: 1
[16:55:42.126] [32mINFO[39m (38344): [36mrequest completed[39m
    [35mreq[39m: {
      "id": 392,
      "method": "GET",
      "url": "/api/auth/status"
    }
    [35mres[39m: {
      "statusCode": 200
    }
    [35mresponseTime[39m: 1
[16:55:47.822] [32mINFO[39m (38344): [36mrequest completed[39m
    [35mreq[39m: {
      "id": 393,
      "method": "GET",
      "url": "/api/auth/status"
    }
    [35mres[39m: {
      "statusCode": 200
    }
    [35mresponseTime[39m: 1
[16:55:54.134] [32mINFO[39m (38344): [36mrequest completed[39m
    [35mreq[39m: {
      "id": 394,
      "method": "GET",
      "url": "/api/auth/status"
    }
    [35mres[39m: {
      "statusCode": 200
    }
    [35mresponseTime[39m: 0
[16:56:13.815] [32mINFO[39m (38344): [36mrequest completed[39m
    [35mreq[39m: {
      "id": 395,
      "method": "GET",
      "url": "/api/auth/status"
    }
    [35mres[39m: {
      "statusCode": 200
    }
    [35mresponseTime[39m: 1
[16:57:14.126] [32mINFO[39m (38344): [36mrequest completed[39m
    [35mreq[39m: {
      "id": 396,
      "method": "GET",
      "url": "/api/auth/status"
    }
    [35mres[39m: {
      "statusCode": 200
    }
    [35mresponseTime[39m: 0
[16:58:13.823] [32mINFO[39m (38344): [36mrequest completed[39m
    [35mreq[39m: {
      "id": 397,
      "method": "GET",
      "url": "/api/auth/status"
    }
    [35mres[39m: {
      "statusCode": 200
    }
    [35mresponseTime[39m: 1
[16:59:14.150] [32mINFO[39m (38344): [36mrequest completed[39m
    [35mreq[39m: {
      "id": 398,
      "method": "GET",
      "url": "/api/auth/status"
    }
    [35mres[39m: {
      "statusCode": 200
    }
    [35mresponseTime[39m: 1
[17:00:13.825] [32mINFO[39m (38344): [36mrequest completed[39m
    [35mreq[39m: {
      "id": 399,
      "method": "GET",
      "url": "/api/auth/status"
    }
    [35mres[39m: {
      "statusCode": 200
    }
    [35mresponseTime[39m: 1
[17:01:14.127] [32mINFO[39m (38344): [36mrequest completed[39m
    [35mreq[39m: {
      "id": 400,
      "method": "GET",
      "url": "/api/auth/status"
    }
    [35mres[39m: {
      "statusCode": 200
    }
    [35mresponseTime[39m: 1
[17:02:13.827] [32mINFO[39m (38344): [36mrequest completed[39m
    [35mreq[39m: {
      "id": 401,
      "method": "GET",
      "url": "/api/auth/status"
    }
    [35mres[39m: {
      "statusCode": 200
    }
    [35mresponseTime[39m: 1
[17:03:14.142] [32mINFO[39m (38344): [36mrequest completed[39m
    [35mreq[39m: {
      "id": 402,
      "method": "GET",
      "url": "/api/auth/status"
    }
    [35mres[39m: {
      "statusCode": 200
    }
    [35mresponseTime[39m: 1
[17:04:13.830] [32mINFO[39m (38344): [36mrequest completed[39m
    [35mreq[39m: {
      "id": 403,
      "method": "GET",
      "url": "/api/auth/status"
    }
    [35mres[39m: {
      "statusCode": 200
    }
    [35mresponseTime[39m: 1
[17:05:14.125] [32mINFO[39m (38344): [36mrequest completed[39m
    [35mreq[39m: {
      "id": 404,
      "method": "GET",
      "url": "/api/auth/status"
    }
    [35mres[39m: {
      "statusCode": 200
    }
    [35mresponseTime[39m: 1
[17:06:13.824] [32mINFO[39m (38344): [36mrequest completed[39m
    [35mreq[39m: {
      "id": 405,
      "method": "GET",
      "url": "/api/auth/status"
    }
    [35mres[39m: {
      "statusCode": 200
    }
    [35mresponseTime[39m: 1
[17:07:14.120] [32mINFO[39m (38344): [36mrequest completed[39m
    [35mreq[39m: {
      "id": 406,
      "method": "GET",
      "url": "/api/auth/status"
    }
    [35mres[39m: {
      "statusCode": 200
    }
    [35mresponseTime[39m: 1
[17:08:13.828] [32mINFO[39m (38344): [36mrequest completed[39m
    [35mreq[39m: {
      "id": 407,
      "method": "GET",
      "url": "/api/auth/status"
    }
    [35mres[39m: {
      "statusCode": 200
    }
    [35mresponseTime[39m: 1
[17:09:00.775] [32mINFO[39m (38344): [36mrequest completed[39m
    [35mreq[39m: {
      "id": 408,
      "method": "GET",
      "url": "/api/auth/status"
    }
    [35mres[39m: {
      "statusCode": 200
    }
    [35mresponseTime[39m: 1
[17:09:03.763] [32mINFO[39m (38344): [36mrequest completed[39m
    [35mreq[39m: {
      "id": 409,
      "method": "POST",
      "url": "/api/auth/login"
    }
    [35mres[39m: {
      "statusCode": 200
    }
    [35mresponseTime[39m: 1
[17:09:04.101] [32mINFO[39m (38344): [36mrequest completed[39m
    [35mreq[39m: {
      "id": 410,
      "method": "GET",
      "url": "/api/auth/me"
    }
    [35mres[39m: {
      "statusCode": 200
    }
    [35mresponseTime[39m: 1
[17:09:04.349] [32mINFO[39m (38344): [36mrequest completed[39m
    [35mreq[39m: {
      "id": 411,
      "method": "GET",
      "url": "/api/auth/status"
    }
    [35mres[39m: {
      "statusCode": 200
    }
    [35mresponseTime[39m: 1
[17:09:10.127] [32mINFO[39m (38344): [36mrequest completed[39m
    [35mreq[39m: {
      "id": 412,
      "method": "GET",
      "url": "/api/auth/status"
    }
    [35mres[39m: {
      "statusCode": 200
    }
    [35mresponseTime[39m: 1
[17:09:16.458] [32mINFO[39m (38344): [36mrequest completed[39m
    [35mreq[39m: {
      "id": 413,
      "method": "GET",
      "url": "/api/auth/status"
    }
    [35mres[39m: {
      "statusCode": 200
    }
    [35mresponseTime[39m: 2
[17:09:19.308] [32mINFO[39m (38344): [36mrequest completed[39m
    [35mreq[39m: {
      "id": 414,
      "method": "GET",
      "url": "/api/auth/status"
    }
    [35mres[39m: {
      "statusCode": 200
    }
    [35mresponseTime[39m: 1
[17:09:20.462] [32mINFO[39m (38344): [36mrequest completed[39m
    [35mreq[39m: {
      "id": 415,
      "method": "GET",
      "url": "/api/clinics"
    }
    [35mres[39m: {
      "statusCode": 304
    }
    [35mresponseTime[39m: 840
[17:09:21.595] [32mINFO[39m (38344): [36mrequest completed[39m
    [35mreq[39m: {
      "id": 416,
      "method": "GET",
      "url": "/api/auth/status"
    }
    [35mres[39m: {
      "statusCode": 200
    }
    [35mresponseTime[39m: 2
[17:09:22.039] [32mINFO[39m (38344): [36mrequest completed[39m
    [35mreq[39m: {
      "id": 417,
      "method": "GET",
      "url": "/api/auth/status"
    }
    [35mres[39m: {
      "statusCode": 200
    }
    [35mresponseTime[39m: 2
[17:09:22.946] [32mINFO[39m (38344): [36mrequest completed[39m
    [35mreq[39m: {
      "id": 418,
      "method": "GET",
      "url": "/api/auth/status"
    }
    [35mres[39m: {
      "statusCode": 200
    }
    [35mresponseTime[39m: 1
[17:09:23.555] [32mINFO[39m (38344): [36mrequest completed[39m
    [35mreq[39m: {
      "id": 419,
      "method": "GET",
      "url": "/api/auth/status"
    }
    [35mres[39m: {
      "statusCode": 200
    }
    [35mresponseTime[39m: 1
[17:09:25.164] [32mINFO[39m (38344): [36mrequest completed[39m
    [35mreq[39m: {
      "id": 420,
      "method": "GET",
      "url": "/api/auth/status"
    }
    [35mres[39m: {
      "statusCode": 200
    }
    [35mresponseTime[39m: 2
[17:09:28.765] [32mINFO[39m (38344): [36mrequest completed[39m
    [35mreq[39m: {
      "id": 421,
      "method": "GET",
      "url": "/api/auth/status"
    }
    [35mres[39m: {
      "statusCode": 200
    }
    [35mresponseTime[39m: 2
[17:09:29.391] [32mINFO[39m (38344): [36mrequest completed[39m
    [35mreq[39m: {
      "id": 422,
      "method": "GET",
      "url": "/api/clinics"
    }
    [35mres[39m: {
      "statusCode": 304
    }
    [35mresponseTime[39m: 316
[17:09:35.088] [32mINFO[39m (38344): [36mrequest completed[39m
    [35mreq[39m: {
      "id": 423,
      "method": "GET",
      "url": "/api/auth/status"
    }
    [35mres[39m: {
      "statusCode": 200
    }
    [35mresponseTime[39m: 2
[17:09:40.775] [32mINFO[39m (38344): [36mrequest completed[39m
    [35mreq[39m: {
      "id": 424,
      "method": "GET",
      "url": "/api/auth/status"
    }
    [35mres[39m: {
      "statusCode": 200
    }
    [35mresponseTime[39m: 1
[17:09:47.079] [32mINFO[39m (38344): [36mrequest completed[39m
    [35mreq[39m: {
      "id": 425,
      "method": "GET",
      "url": "/api/auth/status"
    }
    [35mres[39m: {
      "statusCode": 200
    }
    [35mresponseTime[39m: 2
[17:09:52.776] [32mINFO[39m (38344): [36mrequest completed[39m
    [35mreq[39m: {
      "id": 426,
      "method": "GET",
      "url": "/api/auth/status"
    }
    [35mres[39m: {
      "statusCode": 200
    }
    [35mresponseTime[39m: 1
[17:09:59.082] [32mINFO[39m (38344): [36mrequest completed[39m
    [35mreq[39m: {
      "id": 427,
      "method": "GET",
      "url": "/api/auth/status"
    }
    [35mres[39m: {
      "statusCode": 200
    }
    [35mresponseTime[39m: 2
[17:10:04.771] [32mINFO[39m (38344): [36mrequest completed[39m
    [35mreq[39m: {
      "id": 428,
      "method": "GET",
      "url": "/api/auth/status"
    }
    [35mres[39m: {
      "statusCode": 200
    }
    [35mresponseTime[39m: 1
[17:10:11.073] [32mINFO[39m (38344): [36mrequest completed[39m
    [35mreq[39m: {
      "id": 429,
      "method": "GET",
      "url": "/api/auth/status"
    }
    [35mres[39m: {
      "statusCode": 200
    }
    [35mresponseTime[39m: 1
[17:10:16.771] [32mINFO[39m (38344): [36mrequest completed[39m
    [35mreq[39m: {
      "id": 430,
      "method": "GET",
      "url": "/api/auth/status"
    }
    [35mres[39m: {
      "statusCode": 200
    }
    [35mresponseTime[39m: 2
[17:10:23.090] [32mINFO[39m (38344): [36mrequest completed[39m
    [35mreq[39m: {
      "id": 431,
      "method": "GET",
      "url": "/api/auth/status"
    }
    [35mres[39m: {
      "statusCode": 200
    }
    [35mresponseTime[39m: 2
[17:10:28.769] [32mINFO[39m (38344): [36mrequest completed[39m
    [35mreq[39m: {
      "id": 432,
      "method": "GET",
      "url": "/api/auth/status"
    }
    [35mres[39m: {
      "statusCode": 200
    }
    [35mresponseTime[39m: 2
[17:10:35.076] [32mINFO[39m (38344): [36mrequest completed[39m
    [35mreq[39m: {
      "id": 433,
      "method": "GET",
      "url": "/api/auth/status"
    }
    [35mres[39m: {
      "statusCode": 200
    }
    [35mresponseTime[39m: 2
[17:10:40.773] [32mINFO[39m (38344): [36mrequest completed[39m
    [35mreq[39m: {
      "id": 434,
      "method": "GET",
      "url": "/api/auth/status"
    }
    [35mres[39m: {
      "statusCode": 200
    }
    [35mresponseTime[39m: 2
[17:10:47.082] [32mINFO[39m (38344): [36mrequest completed[39m
    [35mreq[39m: {
      "id": 435,
      "method": "GET",
      "url": "/api/auth/status"
    }
    [35mres[39m: {
      "statusCode": 200
    }
    [35mresponseTime[39m: 1
[17:10:52.766] [32mINFO[39m (38344): [36mrequest completed[39m
    [35mreq[39m: {
      "id": 436,
      "method": "GET",
      "url": "/api/auth/status"
    }
    [35mres[39m: {
      "statusCode": 200
    }
    [35mresponseTime[39m: 1
[17:10:59.076] [32mINFO[39m (38344): [36mrequest completed[39m
    [35mreq[39m: {
      "id": 437,
      "method": "GET",
      "url": "/api/auth/status"
    }
    [35mres[39m: {
      "statusCode": 200
    }
    [35mresponseTime[39m: 1
[17:11:04.766] [32mINFO[39m (38344): [36mrequest completed[39m
    [35mreq[39m: {
      "id": 438,
      "method": "GET",
      "url": "/api/auth/status"
    }
    [35mres[39m: {
      "statusCode": 200
    }
    [35mresponseTime[39m: 2
[17:11:11.077] [32mINFO[39m (38344): [36mrequest completed[39m
    [35mreq[39m: {
      "id": 439,
      "method": "GET",
      "url": "/api/auth/status"
    }
    [35mres[39m: {
      "statusCode": 200
    }
    [35mresponseTime[39m: 2
[17:11:16.777] [32mINFO[39m (38344): [36mrequest completed[39m
    [35mreq[39m: {
      "id": 440,
      "method": "GET",
      "url": "/api/auth/status"
    }
    [35mres[39m: {
      "statusCode": 200
    }
    [35mresponseTime[39m: 2
[17:11:23.077] [32mINFO[39m (38344): [36mrequest completed[39m
    [35mreq[39m: {
      "id": 441,
      "method": "GET",
      "url": "/api/auth/status"
    }
    [35mres[39m: {
      "statusCode": 200
    }
    [35mresponseTime[39m: 1
[17:11:25.926] [32mINFO[39m (38344): [36mrequest completed[39m
    [35mreq[39m: {
      "id": 442,
      "method": "GET",
      "url": "/api/auth/status"
    }
    [35mres[39m: {
      "statusCode": 200
    }
    [35mresponseTime[39m: 2
[17:11:26.988] [32mINFO[39m (38344): [36mrequest completed[39m
    [35mreq[39m: {
      "id": 443,
      "method": "GET",
      "url": "/api/auth/status"
    }
    [35mres[39m: {
      "statusCode": 200
    }
    [35mresponseTime[39m: 1
[17:11:27.352] [32mINFO[39m (38344): [36mrequest completed[39m
    [35mreq[39m: {
      "id": 444,
      "method": "GET",
      "url": "/api/clinics"
    }
    [35mres[39m: {
      "statusCode": 304
    }
    [35mresponseTime[39m: 364
[17:11:28.767] [32mINFO[39m (38344): [36mrequest completed[39m
    [35mreq[39m: {
      "id": 445,
      "method": "GET",
      "url": "/api/auth/status"
    }
    [35mres[39m: {
      "statusCode": 200
    }
    [35mresponseTime[39m: 3
[17:11:35.070] [32mINFO[39m (38344): [36mrequest completed[39m
    [35mreq[39m: {
      "id": 446,
      "method": "GET",
      "url": "/api/auth/status"
    }
    [35mres[39m: {
      "statusCode": 200
    }
    [35mresponseTime[39m: 1
[17:11:40.774] [32mINFO[39m (38344): [36mrequest completed[39m
    [35mreq[39m: {
      "id": 447,
      "method": "GET",
      "url": "/api/auth/status"
    }
    [35mres[39m: {
      "statusCode": 200
    }
    [35mresponseTime[39m: 1
[17:11:47.068] [32mINFO[39m (38344): [36mrequest completed[39m
    [35mreq[39m: {
      "id": 448,
      "method": "GET",
      "url": "/api/auth/status"
    }
    [35mres[39m: {
      "statusCode": 200
    }
    [35mresponseTime[39m: 1
[17:11:52.761] [32mINFO[39m (38344): [36mrequest completed[39m
    [35mreq[39m: {
      "id": 449,
      "method": "GET",
      "url": "/api/auth/status"
    }
    [35mres[39m: {
      "statusCode": 200
    }
    [35mresponseTime[39m: 1
[17:11:59.074] [32mINFO[39m (38344): [36mrequest completed[39m
    [35mreq[39m: {
      "id": 450,
      "method": "GET",
      "url": "/api/auth/status"
    }
    [35mres[39m: {
      "statusCode": 200
    }
    [35mresponseTime[39m: 2
[17:12:04.765] [32mINFO[39m (38344): [36mrequest completed[39m
    [35mreq[39m: {
      "id": 451,
      "method": "GET",
      "url": "/api/auth/status"
    }
    [35mres[39m: {
      "statusCode": 200
    }
    [35mresponseTime[39m: 2
[17:12:11.082] [32mINFO[39m (38344): [36mrequest completed[39m
    [35mreq[39m: {
      "id": 452,
      "method": "GET",
      "url": "/api/auth/status"
    }
    [35mres[39m: {
      "statusCode": 200
    }
    [35mresponseTime[39m: 1
[17:12:16.761] [32mINFO[39m (38344): [36mrequest completed[39m
    [35mreq[39m: {
      "id": 453,
      "method": "GET",
      "url": "/api/auth/status"
    }
    [35mres[39m: {
      "statusCode": 200
    }
    [35mresponseTime[39m: 1
[17:12:23.074] [32mINFO[39m (38344): [36mrequest completed[39m
    [35mreq[39m: {
      "id": 454,
      "method": "GET",
      "url": "/api/auth/status"
    }
    [35mres[39m: {
      "statusCode": 200
    }
    [35mresponseTime[39m: 2
[17:12:28.769] [32mINFO[39m (38344): [36mrequest completed[39m
    [35mreq[39m: {
      "id": 455,
      "method": "GET",
      "url": "/api/auth/status"
    }
    [35mres[39m: {
      "statusCode": 200
    }
    [35mresponseTime[39m: 1
[17:12:35.076] [32mINFO[39m (38344): [36mrequest completed[39m
    [35mreq[39m: {
      "id": 456,
      "method": "GET",
      "url": "/api/auth/status"
    }
    [35mres[39m: {
      "statusCode": 200
    }
    [35mresponseTime[39m: 1
[17:12:40.765] [32mINFO[39m (38344): [36mrequest completed[39m
    [35mreq[39m: {
      "id": 457,
      "method": "GET",
      "url": "/api/auth/status"
    }
    [35mres[39m: {
      "statusCode": 200
    }
    [35mresponseTime[39m: 2
[17:12:47.074] [32mINFO[39m (38344): [36mrequest completed[39m
    [35mreq[39m: {
      "id": 458,
      "method": "GET",
      "url": "/api/auth/status"
    }
    [35mres[39m: {
      "statusCode": 200
    }
    [35mresponseTime[39m: 2
[17:12:52.767] [32mINFO[39m (38344): [36mrequest completed[39m
    [35mreq[39m: {
      "id": 459,
      "method": "GET",
      "url": "/api/auth/status"
    }
    [35mres[39m: {
      "statusCode": 200
    }
    [35mresponseTime[39m: 1
[17:12:59.080] [32mINFO[39m (38344): [36mrequest completed[39m
    [35mreq[39m: {
      "id": 460,
      "method": "GET",
      "url": "/api/auth/status"
    }
    [35mres[39m: {
      "statusCode": 200
    }
    [35mresponseTime[39m: 1
[17:13:02.616] [32mINFO[39m (38344): [36mrequest completed[39m
    [35mreq[39m: {
      "id": 461,
      "method": "GET",
      "url": "/api/auth/status"
    }
    [35mres[39m: {
      "statusCode": 200
    }
    [35mresponseTime[39m: 1
[17:13:03.350] [32mINFO[39m (38344): [36mrequest completed[39m
    [35mreq[39m: {
      "id": 462,
      "method": "GET",
      "url": "/api/auth/status"
    }
    [35mres[39m: {
      "statusCode": 200
    }
    [35mresponseTime[39m: 1
[17:13:03.655] [32mINFO[39m (38344): [36mrequest completed[39m
    [35mreq[39m: {
      "id": 463,
      "method": "GET",
      "url": "/api/clinics"
    }
    [35mres[39m: {
      "statusCode": 304
    }
    [35mresponseTime[39m: 304
[17:13:09.044] [32mINFO[39m (38344): [36mrequest completed[39m
    [35mreq[39m: {
      "id": 464,
      "method": "GET",
      "url": "/api/auth/status"
    }
    [35mres[39m: {
      "statusCode": 200
    }
    [35mresponseTime[39m: 1
[17:13:15.352] [32mINFO[39m (38344): [36mrequest completed[39m
    [35mreq[39m: {
      "id": 465,
      "method": "GET",
      "url": "/api/auth/status"
    }
    [35mres[39m: {
      "statusCode": 200
    }
    [35mresponseTime[39m: 2
[17:13:21.042] [32mINFO[39m (38344): [36mrequest completed[39m
    [35mreq[39m: {
      "id": 466,
      "method": "GET",
      "url": "/api/auth/status"
    }
    [35mres[39m: {
      "statusCode": 200
    }
    [35mresponseTime[39m: 1
[17:13:27.349] [32mINFO[39m (38344): [36mrequest completed[39m
    [35mreq[39m: {
      "id": 467,
      "method": "GET",
      "url": "/api/auth/status"
    }
    [35mres[39m: {
      "statusCode": 200
    }
    [35mresponseTime[39m: 2
[17:13:33.042] [32mINFO[39m (38344): [36mrequest completed[39m
    [35mreq[39m: {
      "id": 468,
      "method": "GET",
      "url": "/api/auth/status"
    }
    [35mres[39m: {
      "statusCode": 200
    }
    [35mresponseTime[39m: 1
[17:13:39.344] [32mINFO[39m (38344): [36mrequest completed[39m
    [35mreq[39m: {
      "id": 469,
      "method": "GET",
      "url": "/api/auth/status"
    }
    [35mres[39m: {
      "statusCode": 200
    }
    [35mresponseTime[39m: 1
[17:13:45.044] [32mINFO[39m (38344): [36mrequest completed[39m
    [35mreq[39m: {
      "id": 470,
      "method": "GET",
      "url": "/api/auth/status"
    }
    [35mres[39m: {
      "statusCode": 200
    }
    [35mresponseTime[39m: 2
[17:13:51.358] [32mINFO[39m (38344): [36mrequest completed[39m
    [35mreq[39m: {
      "id": 471,
      "method": "GET",
      "url": "/api/auth/status"
    }
    [35mres[39m: {
      "statusCode": 200
    }
    [35mresponseTime[39m: 1
[17:13:57.040] [32mINFO[39m (38344): [36mrequest completed[39m
    [35mreq[39m: {
      "id": 472,
      "method": "GET",
      "url": "/api/auth/status"
    }
    [35mres[39m: {
      "statusCode": 200
    }
    [35mresponseTime[39m: 1
[17:14:03.344] [32mINFO[39m (38344): [36mrequest completed[39m
    [35mreq[39m: {
      "id": 473,
      "method": "GET",
      "url": "/api/auth/status"
    }
    [35mres[39m: {
      "statusCode": 200
    }
    [35mresponseTime[39m: 2
[17:14:09.045] [32mINFO[39m (38344): [36mrequest completed[39m
    [35mreq[39m: {
      "id": 474,
      "method": "GET",
      "url": "/api/auth/status"
    }
    [35mres[39m: {
      "statusCode": 200
    }
    [35mresponseTime[39m: 2
[17:14:15.352] [32mINFO[39m (38344): [36mrequest completed[39m
    [35mreq[39m: {
      "id": 475,
      "method": "GET",
      "url": "/api/auth/status"
    }
    [35mres[39m: {
      "statusCode": 200
    }
    [35mresponseTime[39m: 1
[17:14:21.050] [32mINFO[39m (38344): [36mrequest completed[39m
    [35mreq[39m: {
      "id": 476,
      "method": "GET",
      "url": "/api/auth/status"
    }
    [35mres[39m: {
      "statusCode": 200
    }
    [35mresponseTime[39m: 1
[17:14:24.581] [32mINFO[39m (38344): [36mrequest completed[39m
    [35mreq[39m: {
      "id": 477,
      "method": "GET",
      "url": "/api/auth/status"
    }
    [35mres[39m: {
      "statusCode": 200
    }
    [35mresponseTime[39m: 1
[17:14:24.906] [32mINFO[39m (38344): [36mrequest completed[39m
    [35mreq[39m: {
      "id": 478,
      "method": "GET",
      "url": "/api/auth/status"
    }
    [35mres[39m: {
      "statusCode": 200
    }
    [35mresponseTime[39m: 1
[17:14:26.078] [32mINFO[39m (38344): [36mrequest completed[39m
    [35mreq[39m: {
      "id": 479,
      "method": "GET",
      "url": "/api/auth/status"
    }
    [35mres[39m: {
      "statusCode": 200
    }
    [35mresponseTime[39m: 1
[17:14:30.858] [32mINFO[39m (38344): [36mrequest completed[39m
    [35mreq[39m: {
      "id": 480,
      "method": "GET",
      "url": "/api/auth/status"
    }
    [35mres[39m: {
      "statusCode": 200
    }
    [35mresponseTime[39m: 1
[17:14:31.891] [32mINFO[39m (38344): [36mrequest completed[39m
    [35mreq[39m: {
      "id": 481,
      "method": "GET",
      "url": "/api/auth/status"
    }
    [35mres[39m: {
      "statusCode": 200
    }
    [35mresponseTime[39m: 1
[17:14:32.305] [32mINFO[39m (38344): [36mrequest completed[39m
    [35mreq[39m: {
      "id": 482,
      "method": "GET",
      "url": "/api/auth/status"
    }
    [35mres[39m: {
      "statusCode": 200
    }
    [35mresponseTime[39m: 2
[17:14:38.613] [32mINFO[39m (38344): [36mrequest completed[39m
    [35mreq[39m: {
      "id": 483,
      "method": "GET",
      "url": "/api/auth/status"
    }
    [35mres[39m: {
      "statusCode": 200
    }
    [35mresponseTime[39m: 2
[17:14:39.256] [32mINFO[39m (38344): [36mrequest completed[39m
    [35mreq[39m: {
      "id": 484,
      "method": "GET",
      "url": "/api/auth/status"
    }
    [35mres[39m: {
      "statusCode": 200
    }
    [35mresponseTime[39m: 2
[17:14:40.185] [32mINFO[39m (38344): [36mrequest completed[39m
    [35mreq[39m: {
      "id": 485,
      "method": "GET",
      "url": "/api/auth/status"
    }
    [35mres[39m: {
      "statusCode": 200
    }
    [35mresponseTime[39m: 2
[17:14:41.074] [32mINFO[39m (38344): [36mrequest completed[39m
    [35mreq[39m: {
      "id": 486,
      "method": "GET",
      "url": "/api/clinics"
    }
    [35mres[39m: {
      "statusCode": 304
    }
    [35mresponseTime[39m: 889
[17:14:43.500] [32mINFO[39m (38344): [36mrequest completed[39m
    [35mreq[39m: {
      "id": 487,
      "method": "GET",
      "url": "/api/auth/status"
    }
    [35mres[39m: {
      "statusCode": 200
    }
    [35mresponseTime[39m: 2
[17:14:49.817] [32mINFO[39m (38344): [36mrequest completed[39m
    [35mreq[39m: {
      "id": 488,
      "method": "GET",
      "url": "/api/auth/status"
    }
    [35mres[39m: {
      "statusCode": 200
    }
    [35mresponseTime[39m: 1
[17:14:55.502] [32mINFO[39m (38344): [36mrequest completed[39m
    [35mreq[39m: {
      "id": 489,
      "method": "GET",
      "url": "/api/auth/status"
    }
    [35mres[39m: {
      "statusCode": 200
    }
    [35mresponseTime[39m: 2
[17:15:01.820] [32mINFO[39m (38344): [36mrequest completed[39m
    [35mreq[39m: {
      "id": 490,
      "method": "GET",
      "url": "/api/auth/status"
    }
    [35mres[39m: {
      "statusCode": 200
    }
    [35mresponseTime[39m: 1
[17:15:07.511] [32mINFO[39m (38344): [36mrequest completed[39m
    [35mreq[39m: {
      "id": 491,
      "method": "GET",
      "url": "/api/auth/status"
    }
    [35mres[39m: {
      "statusCode": 200
    }
    [35mresponseTime[39m: 2
[17:15:13.816] [32mINFO[39m (38344): [36mrequest completed[39m
    [35mreq[39m: {
      "id": 492,
      "method": "GET",
      "url": "/api/auth/status"
    }
    [35mres[39m: {
      "statusCode": 200
    }
    [35mresponseTime[39m: 1
[17:15:19.512] [32mINFO[39m (38344): [36mrequest completed[39m
    [35mreq[39m: {
      "id": 493,
      "method": "GET",
      "url": "/api/auth/status"
    }
    [35mres[39m: {
      "statusCode": 200
    }
    [35mresponseTime[39m: 1
[17:15:25.817] [32mINFO[39m (38344): [36mrequest completed[39m
    [35mreq[39m: {
      "id": 494,
      "method": "GET",
      "url": "/api/auth/status"
    }
    [35mres[39m: {
      "statusCode": 200
    }
    [35mresponseTime[39m: 1
[17:15:31.507] [32mINFO[39m (38344): [36mrequest completed[39m
    [35mreq[39m: {
      "id": 495,
      "method": "GET",
      "url": "/api/auth/status"
    }
    [35mres[39m: {
      "statusCode": 200
    }
    [35mresponseTime[39m: 1
[17:15:34.740] [32mINFO[39m (38344): [36mrequest completed[39m
    [35mreq[39m: {
      "id": 496,
      "method": "POST",
      "url": "/api/auth/logout"
    }
    [35mres[39m: {
      "statusCode": 200
    }
    [35mresponseTime[39m: 1
[17:15:34.999] [32mINFO[39m (38344): [36mrequest completed[39m
    [35mreq[39m: {
      "id": 497,
      "method": "GET",
      "url": "/api/auth/status"
    }
    [35mres[39m: {
      "statusCode": 200
    }
    [35mresponseTime[39m: 1
[17:15:35.432] [32mINFO[39m (38344): [36mrequest completed[39m
    [35mreq[39m: {
      "id": 498,
      "method": "GET",
      "url": "/api/auth/status"
    }
    [35mres[39m: {
      "statusCode": 200
    }
    [35mresponseTime[39m: 0
[17:15:35.439] [32mINFO[39m (38344): [36mrequest completed[39m
    [35mreq[39m: {
      "id": 499,
      "method": "GET",
      "url": "/api/auth/me"
    }
    [35mres[39m: {
      "statusCode": 401
    }
    [35mresponseTime[39m: 1
[17:15:41.436] [32mINFO[39m (38344): [36mrequest completed[39m
    [35mreq[39m: {
      "id": 500,
      "method": "GET",
      "url": "/api/auth/status"
    }
    [35mres[39m: {
      "statusCode": 200
    }
    [35mresponseTime[39m: 1
[17:15:47.438] [32mINFO[39m (38344): [36mrequest completed[39m
    [35mreq[39m: {
      "id": 501,
      "method": "GET",
      "url": "/api/auth/status"
    }
    [35mres[39m: {
      "statusCode": 200
    }
    [35mresponseTime[39m: 1
[17:15:53.433] [32mINFO[39m (38344): [36mrequest completed[39m
    [35mreq[39m: {
      "id": 502,
      "method": "GET",
      "url": "/api/auth/status"
    }
    [35mres[39m: {
      "statusCode": 200
    }
    [35mresponseTime[39m: 1
[17:15:55.288] [32mINFO[39m (38344): [36mrequest completed[39m
    [35mreq[39m: {
      "id": 503,
      "method": "GET",
      "url": "/api/auth/status"
    }
    [35mres[39m: {
      "statusCode": 200
    }
    [35mresponseTime[39m: 1
[17:16:01.114] [32mINFO[39m (38344): [36mrequest completed[39m
    [35mreq[39m: {
      "id": 504,
      "method": "GET",
      "url": "/api/auth/status"
    }
    [35mres[39m: {
      "statusCode": 200
    }
    [35mresponseTime[39m: 1
[17:16:07.118] [32mINFO[39m (38344): [36mrequest completed[39m
    [35mreq[39m: {
      "id": 505,
      "method": "GET",
      "url": "/api/auth/status"
    }
    [35mres[39m: {
      "statusCode": 200
    }
    [35mresponseTime[39m: 1
[17:16:13.125] [32mINFO[39m (38344): [36mrequest completed[39m
    [35mreq[39m: {
      "id": 506,
      "method": "GET",
      "url": "/api/auth/status"
    }
    [35mres[39m: {
      "statusCode": 200
    }
    [35mresponseTime[39m: 1
[17:16:19.436] [32mINFO[39m (38344): [36mrequest completed[39m
    [35mreq[39m: {
      "id": 507,
      "method": "GET",
      "url": "/api/auth/status"
    }
    [35mres[39m: {
      "statusCode": 200
    }
    [35mresponseTime[39m: 0
[17:16:25.117] [32mINFO[39m (38344): [36mrequest completed[39m
    [35mreq[39m: {
      "id": 508,
      "method": "GET",
      "url": "/api/auth/status"
    }
    [35mres[39m: {
      "statusCode": 200
    }
    [35mresponseTime[39m: 1
[17:16:31.434] [32mINFO[39m (38344): [36mrequest completed[39m
    [35mreq[39m: {
      "id": 509,
      "method": "GET",
      "url": "/api/auth/status"
    }
    [35mres[39m: {
      "statusCode": 200
    }
    [35mresponseTime[39m: 1
[17:16:37.115] [32mINFO[39m (38344): [36mrequest completed[39m
    [35mreq[39m: {
      "id": 510,
      "method": "GET",
      "url": "/api/auth/status"
    }
    [35mres[39m: {
      "statusCode": 200
    }
    [35mresponseTime[39m: 1
[17:16:43.437] [32mINFO[39m (38344): [36mrequest completed[39m
    [35mreq[39m: {
      "id": 511,
      "method": "GET",
      "url": "/api/auth/status"
    }
    [35mres[39m: {
      "statusCode": 200
    }
    [35mresponseTime[39m: 2
[17:16:49.112] [32mINFO[39m (38344): [36mrequest completed[39m
    [35mreq[39m: {
      "id": 512,
      "method": "GET",
      "url": "/api/auth/status"
    }
    [35mres[39m: {
      "statusCode": 200
    }
    [35mresponseTime[39m: 1
[17:16:55.431] [32mINFO[39m (38344): [36mrequest completed[39m
    [35mreq[39m: {
      "id": 513,
      "method": "GET",
      "url": "/api/auth/status"
    }
    [35mres[39m: {
      "statusCode": 200
    }
    [35mresponseTime[39m: 1
[17:17:01.128] [32mINFO[39m (38344): [36mrequest completed[39m
    [35mreq[39m: {
      "id": 514,
      "method": "GET",
      "url": "/api/auth/status"
    }
    [35mres[39m: {
      "statusCode": 200
    }
    [35mresponseTime[39m: 1
[17:17:07.432] [32mINFO[39m (38344): [36mrequest completed[39m
    [35mreq[39m: {
      "id": 515,
      "method": "GET",
      "url": "/api/auth/status"
    }
    [35mres[39m: {
      "statusCode": 200
    }
    [35mresponseTime[39m: 1
[17:17:13.114] [32mINFO[39m (38344): [36mrequest completed[39m
    [35mreq[39m: {
      "id": 516,
      "method": "GET",
      "url": "/api/auth/status"
    }
    [35mres[39m: {
      "statusCode": 200
    }
    [35mresponseTime[39m: 0
[17:17:19.419] [32mINFO[39m (38344): [36mrequest completed[39m
    [35mreq[39m: {
      "id": 517,
      "method": "GET",
      "url": "/api/auth/status"
    }
    [35mres[39m: {
      "statusCode": 200
    }
    [35mresponseTime[39m: 2
[17:17:25.112] [32mINFO[39m (38344): [36mrequest completed[39m
    [35mreq[39m: {
      "id": 518,
      "method": "GET",
      "url": "/api/auth/status"
    }
    [35mres[39m: {
      "statusCode": 200
    }
    [35mresponseTime[39m: 0
[17:17:31.433] [32mINFO[39m (38344): [36mrequest completed[39m
    [35mreq[39m: {
      "id": 519,
      "method": "GET",
      "url": "/api/auth/status"
    }
    [35mres[39m: {
      "statusCode": 200
    }
    [35mresponseTime[39m: 2
[17:17:37.128] [32mINFO[39m (38344): [36mrequest completed[39m
    [35mreq[39m: {
      "id": 520,
      "method": "GET",
      "url": "/api/auth/status"
    }
    [35mres[39m: {
      "statusCode": 200
    }
    [35mresponseTime[39m: 1
[17:17:43.429] [32mINFO[39m (38344): [36mrequest completed[39m
    [35mreq[39m: {
      "id": 521,
      "method": "GET",
      "url": "/api/auth/status"
    }
    [35mres[39m: {
      "statusCode": 200
    }
    [35mresponseTime[39m: 1
[17:17:49.117] [32mINFO[39m (38344): [36mrequest completed[39m
    [35mreq[39m: {
      "id": 522,
      "method": "GET",
      "url": "/api/auth/status"
    }
    [35mres[39m: {
      "statusCode": 200
    }
    [35mresponseTime[39m: 1
[17:17:55.417] [32mINFO[39m (38344): [36mrequest completed[39m
    [35mreq[39m: {
      "id": 523,
      "method": "GET",
      "url": "/api/auth/status"
    }
    [35mres[39m: {
      "statusCode": 200
    }
    [35mresponseTime[39m: 2
[17:18:01.118] [32mINFO[39m (38344): [36mrequest completed[39m
    [35mreq[39m: {
      "id": 524,
      "method": "GET",
      "url": "/api/auth/status"
    }
    [35mres[39m: {
      "statusCode": 200
    }
    [35mresponseTime[39m: 0
[17:18:07.436] [32mINFO[39m (38344): [36mrequest completed[39m
    [35mreq[39m: {
      "id": 525,
      "method": "GET",
      "url": "/api/auth/status"
    }
    [35mres[39m: {
      "statusCode": 200
    }
    [35mresponseTime[39m: 0
[17:18:13.119] [32mINFO[39m (38344): [36mrequest completed[39m
    [35mreq[39m: {
      "id": 526,
      "method": "GET",
      "url": "/api/auth/status"
    }
    [35mres[39m: {
      "statusCode": 200
    }
    [35mresponseTime[39m: 1
[17:18:19.426] [32mINFO[39m (38344): [36mrequest completed[39m
    [35mreq[39m: {
      "id": 527,
      "method": "GET",
      "url": "/api/auth/status"
    }
    [35mres[39m: {
      "statusCode": 200
    }
    [35mresponseTime[39m: 0
[17:18:25.112] [32mINFO[39m (38344): [36mrequest completed[39m
    [35mreq[39m: {
      "id": 528,
      "method": "GET",
      "url": "/api/auth/status"
    }
    [35mres[39m: {
      "statusCode": 200
    }
    [35mresponseTime[39m: 0
[17:18:31.426] [32mINFO[39m (38344): [36mrequest completed[39m
    [35mreq[39m: {
      "id": 529,
      "method": "GET",
      "url": "/api/auth/status"
    }
    [35mres[39m: {
      "statusCode": 200
    }
    [35mresponseTime[39m: 1
[17:18:37.111] [32mINFO[39m (38344): [36mrequest completed[39m
    [35mreq[39m: {
      "id": 530,
      "method": "GET",
      "url": "/api/auth/status"
    }
    [35mres[39m: {
      "statusCode": 200
    }
    [35mresponseTime[39m: 0
[17:18:43.409] [32mINFO[39m (38344): [36mrequest completed[39m
    [35mreq[39m: {
      "id": 531,
      "method": "GET",
      "url": "/api/auth/status"
    }
    [35mres[39m: {
      "statusCode": 200
    }
    [35mresponseTime[39m: 0
[17:18:49.112] [32mINFO[39m (38344): [36mrequest completed[39m
    [35mreq[39m: {
      "id": 532,
      "method": "GET",
      "url": "/api/auth/status"
    }
    [35mres[39m: {
      "statusCode": 200
    }
    [35mresponseTime[39m: 1
[17:18:55.421] [32mINFO[39m (38344): [36mrequest completed[39m
    [35mreq[39m: {
      "id": 533,
      "method": "GET",
      "url": "/api/auth/status"
    }
    [35mres[39m: {
      "statusCode": 200
    }
    [35mresponseTime[39m: 0
[17:19:01.112] [32mINFO[39m (38344): [36mrequest completed[39m
    [35mreq[39m: {
      "id": 534,
      "method": "GET",
      "url": "/api/auth/status"
    }
    [35mres[39m: {
      "statusCode": 200
    }
    [35mresponseTime[39m: 1
[17:19:07.423] [32mINFO[39m (38344): [36mrequest completed[39m
    [35mreq[39m: {
      "id": 535,
      "method": "GET",
      "url": "/api/auth/status"
    }
    [35mres[39m: {
      "statusCode": 200
    }
    [35mresponseTime[39m: 0
[17:19:13.112] [32mINFO[39m (38344): [36mrequest completed[39m
    [35mreq[39m: {
      "id": 536,
      "method": "GET",
      "url": "/api/auth/status"
    }
    [35mres[39m: {
      "statusCode": 200
    }
    [35mresponseTime[39m: 1
[17:19:19.432] [32mINFO[39m (38344): [36mrequest completed[39m
    [35mreq[39m: {
      "id": 537,
      "method": "GET",
      "url": "/api/auth/status"
    }
    [35mres[39m: {
      "statusCode": 200
    }
    [35mresponseTime[39m: 1
[17:19:25.107] [32mINFO[39m (38344): [36mrequest completed[39m
    [35mreq[39m: {
      "id": 538,
      "method": "GET",
      "url": "/api/auth/status"
    }
    [35mres[39m: {
      "statusCode": 200
    }
    [35mresponseTime[39m: 0
[17:19:31.413] [32mINFO[39m (38344): [36mrequest completed[39m
    [35mreq[39m: {
      "id": 539,
      "method": "GET",
      "url": "/api/auth/status"
    }
    [35mres[39m: {
      "statusCode": 200
    }
    [35mresponseTime[39m: 0
[17:19:37.111] [32mINFO[39m (38344): [36mrequest completed[39m
    [35mreq[39m: {
      "id": 540,
      "method": "GET",
      "url": "/api/auth/status"
    }
    [35mres[39m: {
      "statusCode": 200
    }
    [35mresponseTime[39m: 0
[17:19:38.967] [32mINFO[39m (38344): [36mrequest completed[39m
    [35mreq[39m: {
      "id": 541,
      "method": "GET",
      "url": "/api/auth/status"
    }
    [35mres[39m: {
      "statusCode": 200
    }
    [35mresponseTime[39m: 0
[17:19:44.665] [32mINFO[39m (38344): [36mrequest completed[39m
    [35mreq[39m: {
      "id": 542,
      "method": "GET",
      "url": "/api/auth/status"
    }
    [35mres[39m: {
      "statusCode": 200
    }
    [35mresponseTime[39m: 0
[17:19:50.664] [32mINFO[39m (38344): [36mrequest completed[39m
    [35mreq[39m: {
      "id": 543,
      "method": "GET",
      "url": "/api/auth/status"
    }
    [35mres[39m: {
      "statusCode": 200
    }
    [35mresponseTime[39m: 0
[17:19:52.730] [32mINFO[39m (38344): [36mrequest completed[39m
    [35mreq[39m: {
      "id": 544,
      "method": "GET",
      "url": "/api/auth/status"
    }
    [35mres[39m: {
      "statusCode": 200
    }
    [35mresponseTime[39m: 0
[17:19:58.431] [32mINFO[39m (38344): [36mrequest completed[39m
    [35mreq[39m: {
      "id": 545,
      "method": "GET",
      "url": "/api/auth/status"
    }
    [35mres[39m: {
      "statusCode": 200
    }
    [35mresponseTime[39m: 1
[17:20:05.124] [32mINFO[39m (38344): [36mrequest completed[39m
    [35mreq[39m: {
      "id": 546,
      "method": "GET",
      "url": "/api/auth/status"
    }
    [35mres[39m: {
      "statusCode": 200
    }
    [35mresponseTime[39m: 1
[17:20:10.806] [32mINFO[39m (38344): [36mrequest completed[39m
    [35mreq[39m: {
      "id": 547,
      "method": "GET",
      "url": "/api/auth/status"
    }
    [35mres[39m: {
      "statusCode": 200
    }
    [35mresponseTime[39m: 0
[17:20:17.117] [32mINFO[39m (38344): [36mrequest completed[39m
    [35mreq[39m: {
      "id": 548,
      "method": "GET",
      "url": "/api/auth/status"
    }
    [35mres[39m: {
      "statusCode": 200
    }
    [35mresponseTime[39m: 0
[17:20:22.821] [32mINFO[39m (38344): [36mrequest completed[39m
    [35mreq[39m: {
      "id": 549,
      "method": "GET",
      "url": "/api/auth/status"
    }
    [35mres[39m: {
      "statusCode": 200
    }
    [35mresponseTime[39m: 1
[17:20:29.128] [32mINFO[39m (38344): [36mrequest completed[39m
    [35mreq[39m: {
      "id": 550,
      "method": "GET",
      "url": "/api/auth/status"
    }
    [35mres[39m: {
      "statusCode": 200
    }
    [35mresponseTime[39m: 1
[17:20:34.814] [32mINFO[39m (38344): [36mrequest completed[39m
    [35mreq[39m: {
      "id": 551,
      "method": "GET",
      "url": "/api/auth/status"
    }
    [35mres[39m: {
      "statusCode": 200
    }
    [35mresponseTime[39m: 0
[17:20:41.120] [32mINFO[39m (38344): [36mrequest completed[39m
    [35mreq[39m: {
      "id": 552,
      "method": "GET",
      "url": "/api/auth/status"
    }
    [35mres[39m: {
      "statusCode": 200
    }
    [35mresponseTime[39m: 0
[17:20:46.807] [32mINFO[39m (38344): [36mrequest completed[39m
    [35mreq[39m: {
      "id": 553,
      "method": "GET",
      "url": "/api/auth/status"
    }
    [35mres[39m: {
      "statusCode": 200
    }
    [35mresponseTime[39m: 0
[17:20:53.130] [32mINFO[39m (38344): [36mrequest completed[39m
    [35mreq[39m: {
      "id": 554,
      "method": "GET",
      "url": "/api/auth/status"
    }
    [35mres[39m: {
      "statusCode": 200
    }
    [35mresponseTime[39m: 1
[17:20:58.814] [32mINFO[39m (38344): [36mrequest completed[39m
    [35mreq[39m: {
      "id": 555,
      "method": "GET",
      "url": "/api/auth/status"
    }
    [35mres[39m: {
      "statusCode": 200
    }
    [35mresponseTime[39m: 1
[17:21:05.118] [32mINFO[39m (38344): [36mrequest completed[39m
    [35mreq[39m: {
      "id": 556,
      "method": "GET",
      "url": "/api/auth/status"
    }
    [35mres[39m: {
      "statusCode": 200
    }
    [35mresponseTime[39m: 1
[17:21:13.809] [32mINFO[39m (38344): [36mrequest completed[39m
    [35mreq[39m: {
      "id": 557,
      "method": "GET",
      "url": "/api/auth/status"
    }
    [35mres[39m: {
      "statusCode": 200
    }
    [35mresponseTime[39m: 0
[17:21:54.788] [32mINFO[39m (38344): [36mrequest completed[39m
    [35mreq[39m: {
      "id": 558,
      "method": "GET",
      "url": "/api/auth/status"
    }
    [35mres[39m: {
      "statusCode": 200
    }
    [35mresponseTime[39m: 1
[17:21:58.818] [32mINFO[39m (38344): [36mrequest completed[39m
    [35mreq[39m: {
      "id": 559,
      "method": "GET",
      "url": "/api/auth/status"
    }
    [35mres[39m: {
      "statusCode": 200
    }
    [35mresponseTime[39m: 0
[17:22:05.119] [32mINFO[39m (38344): [36mrequest completed[39m
    [35mreq[39m: {
      "id": 560,
      "method": "GET",
      "url": "/api/auth/status"
    }
    [35mres[39m: {
      "statusCode": 200
    }
    [35mresponseTime[39m: 0
[17:22:10.817] [32mINFO[39m (38344): [36mrequest completed[39m
    [35mreq[39m: {
      "id": 561,
      "method": "GET",
      "url": "/api/auth/status"
    }
    [35mres[39m: {
      "statusCode": 200
    }
    [35mresponseTime[39m: 0
[17:22:17.129] [32mINFO[39m (38344): [36mrequest completed[39m
    [35mreq[39m: {
      "id": 562,
      "method": "GET",
      "url": "/api/auth/status"
    }
    [35mres[39m: {
      "statusCode": 200
    }
    [35mresponseTime[39m: 1
[17:22:22.806] [32mINFO[39m (38344): [36mrequest completed[39m
    [35mreq[39m: {
      "id": 563,
      "method": "GET",
      "url": "/api/auth/status"
    }
    [35mres[39m: {
      "statusCode": 200
    }
    [35mresponseTime[39m: 0
[17:22:29.123] [32mINFO[39m (38344): [36mrequest completed[39m
    [35mreq[39m: {
      "id": 564,
      "method": "GET",
      "url": "/api/auth/status"
    }
    [35mres[39m: {
      "statusCode": 200
    }
    [35mresponseTime[39m: 0
[17:22:34.806] [32mINFO[39m (38344): [36mrequest completed[39m
    [35mreq[39m: {
      "id": 565,
      "method": "GET",
      "url": "/api/auth/status"
    }
    [35mres[39m: {
      "statusCode": 200
    }
    [35mresponseTime[39m: 0
[17:22:41.129] [32mINFO[39m (38344): [36mrequest completed[39m
    [35mreq[39m: {
      "id": 566,
      "method": "GET",
      "url": "/api/auth/status"
    }
    [35mres[39m: {
      "statusCode": 200
    }
    [35mresponseTime[39m: 1
[17:22:46.821] [32mINFO[39m (38344): [36mrequest completed[39m
    [35mreq[39m: {
      "id": 567,
      "method": "GET",
      "url": "/api/auth/status"
    }
    [35mres[39m: {
      "statusCode": 200
    }
    [35mresponseTime[39m: 0
[17:22:53.132] [32mINFO[39m (38344): [36mrequest completed[39m
    [35mreq[39m: {
      "id": 568,
      "method": "GET",
      "url": "/api/auth/status"
    }
    [35mres[39m: {
      "statusCode": 200
    }
    [35mresponseTime[39m: 1
[17:23:13.816] [32mINFO[39m (38344): [36mrequest completed[39m
    [35mreq[39m: {
      "id": 569,
      "method": "GET",
      "url": "/api/auth/status"
    }
    [35mres[39m: {
      "statusCode": 200
    }
    [35mresponseTime[39m: 0
[17:24:14.114] [32mINFO[39m (38344): [36mrequest completed[39m
    [35mreq[39m: {
      "id": 570,
      "method": "GET",
      "url": "/api/auth/status"
    }
    [35mres[39m: {
      "statusCode": 200
    }
    [35mresponseTime[39m: 0
[17:25:13.806] [32mINFO[39m (38344): [36mrequest completed[39m
    [35mreq[39m: {
      "id": 571,
      "method": "GET",
      "url": "/api/auth/status"
    }
    [35mres[39m: {
      "statusCode": 200
    }
    [35mresponseTime[39m: 1
[17:26:14.127] [32mINFO[39m (38344): [36mrequest completed[39m
    [35mreq[39m: {
      "id": 572,
      "method": "GET",
      "url": "/api/auth/status"
    }
    [35mres[39m: {
      "statusCode": 200
    }
    [35mresponseTime[39m: 1
[17:27:13.810] [32mINFO[39m (38344): [36mrequest completed[39m
    [35mreq[39m: {
      "id": 573,
      "method": "GET",
      "url": "/api/auth/status"
    }
    [35mres[39m: {
      "statusCode": 200
    }
    [35mresponseTime[39m: 0
[17:28:14.124] [32mINFO[39m (38344): [36mrequest completed[39m
    [35mreq[39m: {
      "id": 574,
      "method": "GET",
      "url": "/api/auth/status"
    }
    [35mres[39m: {
      "statusCode": 200
    }
    [35mresponseTime[39m: 0
[17:29:13.811] [32mINFO[39m (38344): [36mrequest completed[39m
    [35mreq[39m: {
      "id": 575,
      "method": "GET",
      "url": "/api/auth/status"
    }
    [35mres[39m: {
      "statusCode": 200
    }
    [35mresponseTime[39m: 1
[17:30:14.129] [32mINFO[39m (38344): [36mrequest completed[39m
    [35mreq[39m: {
      "id": 576,
      "method": "GET",
      "url": "/api/auth/status"
    }
    [35mres[39m: {
      "statusCode": 200
    }
    [35mresponseTime[39m: 1
[17:31:13.818] [32mINFO[39m (38344): [36mrequest completed[39m
    [35mreq[39m: {
      "id": 577,
      "method": "GET",
      "url": "/api/auth/status"
    }
    [35mres[39m: {
      "statusCode": 200
    }
    [35mresponseTime[39m: 0
[17:32:14.118] [32mINFO[39m (38344): [36mrequest completed[39m
    [35mreq[39m: {
      "id": 578,
      "method": "GET",
      "url": "/api/auth/status"
    }
    [35mres[39m: {
      "statusCode": 200
    }
    [35mresponseTime[39m: 0
[17:33:13.809] [32mINFO[39m (38344): [36mrequest completed[39m
    [35mreq[39m: {
      "id": 579,
      "method": "GET",
      "url": "/api/auth/status"
    }
    [35mres[39m: {
      "statusCode": 200
    }
    [35mresponseTime[39m: 0
[17:34:14.123] [32mINFO[39m (38344): [36mrequest completed[39m
    [35mreq[39m: {
      "id": 580,
      "method": "GET",
      "url": "/api/auth/status"
    }
    [35mres[39m: {
      "statusCode": 200
    }
    [35mresponseTime[39m: 0
[17:35:13.822] [32mINFO[39m (38344): [36mrequest completed[39m
    [35mreq[39m: {
      "id": 581,
      "method": "GET",
      "url": "/api/auth/status"
    }
    [35mres[39m: {
      "statusCode": 200
    }
    [35mresponseTime[39m: 0
[17:36:13.813] [32mINFO[39m (38344): [36mrequest completed[39m
    [35mreq[39m: {
      "id": 582,
      "method": "GET",
      "url": "/api/auth/status"
    }
    [35mres[39m: {
      "statusCode": 200
    }
    [35mresponseTime[39m: 0
[17:37:14.125] [32mINFO[39m (38344): [36mrequest completed[39m
    [35mreq[39m: {
      "id": 583,
      "method": "GET",
      "url": "/api/auth/status"
    }
    [35mres[39m: {
      "statusCode": 200
    }
    [35mresponseTime[39m: 0
[17:38:13.840] [32mINFO[39m (38344): [36mrequest completed[39m
    [35mreq[39m: {
      "id": 584,
      "method": "GET",
      "url": "/api/auth/status"
    }
    [35mres[39m: {
      "statusCode": 200
    }
    [35mresponseTime[39m: 1
[17:39:13.820] [32mINFO[39m (38344): [36mrequest completed[39m
    [35mreq[39m: {
      "id": 585,
      "method": "GET",
      "url": "/api/auth/status"
    }
    [35mres[39m: {
      "statusCode": 200
    }
    [35mresponseTime[39m: 0
[17:40:14.117] [32mINFO[39m (38344): [36mrequest completed[39m
    [35mreq[39m: {
      "id": 586,
      "method": "GET",
      "url": "/api/auth/status"
    }
    [35mres[39m: {
      "statusCode": 200
    }
    [35mresponseTime[39m: 1
[17:41:13.817] [32mINFO[39m (38344): [36mrequest completed[39m
    [35mreq[39m: {
      "id": 587,
      "method": "GET",
      "url": "/api/auth/status"
    }
    [35mres[39m: {
      "statusCode": 200
    }
    [35mresponseTime[39m: 0
[17:42:14.126] [32mINFO[39m (38344): [36mrequest completed[39m
    [35mreq[39m: {
      "id": 588,
      "method": "GET",
      "url": "/api/auth/status"
    }
    [35mres[39m: {
      "statusCode": 200
    }
    [35mresponseTime[39m: 0
[17:43:13.821] [32mINFO[39m (38344): [36mrequest completed[39m
    [35mreq[39m: {
      "id": 589,
      "method": "GET",
      "url": "/api/auth/status"
    }
    [35mres[39m: {
      "statusCode": 200
    }
    [35mresponseTime[39m: 1
[17:44:14.122] [32mINFO[39m (38344): [36mrequest completed[39m
    [35mreq[39m: {
      "id": 590,
      "method": "GET",
      "url": "/api/auth/status"
    }
    [35mres[39m: {
      "statusCode": 200
    }
    [35mresponseTime[39m: 1
[17:45:13.817] [32mINFO[39m (38344): [36mrequest completed[39m
    [35mreq[39m: {
      "id": 591,
      "method": "GET",
      "url": "/api/auth/status"
    }
    [35mres[39m: {
      "statusCode": 200
    }
    [35mresponseTime[39m: 1
[17:46:14.123] [32mINFO[39m (38344): [36mrequest completed[39m
    [35mreq[39m: {
      "id": 592,
      "method": "GET",
      "url": "/api/auth/status"
    }
    [35mres[39m: {
      "statusCode": 200
    }
    [35mresponseTime[39m: 1
[17:47:13.815] [32mINFO[39m (38344): [36mrequest completed[39m
    [35mreq[39m: {
      "id": 593,
      "method": "GET",
      "url": "/api/auth/status"
    }
    [35mres[39m: {
      "statusCode": 200
    }
    [35mresponseTime[39m: 0
[17:48:13.818] [32mINFO[39m (38344): [36mrequest completed[39m
    [35mreq[39m: {
      "id": 594,
      "method": "GET",
      "url": "/api/auth/status"
    }
    [35mres[39m: {
      "statusCode": 200
    }
    [35mresponseTime[39m: 0
[17:49:14.126] [32mINFO[39m (38344): [36mrequest completed[39m
    [35mreq[39m: {
      "id": 595,
      "method": "GET",
      "url": "/api/auth/status"
    }
    [35mres[39m: {
      "statusCode": 200
    }
    [35mresponseTime[39m: 0
[17:50:13.822] [32mINFO[39m (38344): [36mrequest completed[39m
    [35mreq[39m: {
      "id": 596,
      "method": "GET",
      "url": "/api/auth/status"
    }
    [35mres[39m: {
      "statusCode": 200
    }
    [35mresponseTime[39m: 0
[17:51:13.812] [32mINFO[39m (38344): [36mrequest completed[39m
    [35mreq[39m: {
      "id": 597,
      "method": "GET",
      "url": "/api/auth/status"
    }
    [35mres[39m: {
      "statusCode": 200
    }
    [35mresponseTime[39m: 0
[17:52:13.815] [32mINFO[39m (38344): [36mrequest completed[39m
    [35mreq[39m: {
      "id": 598,
      "method": "GET",
      "url": "/api/auth/status"
    }
    [35mres[39m: {
      "statusCode": 200
    }
    [35mresponseTime[39m: 0
[17:52:50.838] [32mINFO[39m (38344): [36mrequest completed[39m
    [35mreq[39m: {
      "id": 599,
      "method": "GET",
      "url": "/api/auth/status"
    }
    [35mres[39m: {
      "statusCode": 200
    }
    [35mresponseTime[39m: 0
[17:52:51.306] [32mINFO[39m (38344): [36mrequest completed[39m
    [35mreq[39m: {
      "id": 600,
      "method": "GET",
      "url": "/api/auth/status"
    }
    [35mres[39m: {
      "statusCode": 200
    }
    [35mresponseTime[39m: 1
[17:52:51.307] [32mINFO[39m (38344): [36mrequest completed[39m
    [35mreq[39m: {
      "id": 601,
      "method": "GET",
      "url": "/api/auth/me"
    }
    [35mres[39m: {
      "statusCode": 401
    }
    [35mresponseTime[39m: 0
[17:52:57.310] [32mINFO[39m (38344): [36mrequest completed[39m
    [35mreq[39m: {
      "id": 602,
      "method": "GET",
      "url": "/api/auth/status"
    }
    [35mres[39m: {
      "statusCode": 200
    }
    [35mresponseTime[39m: 0
[17:53:03.310] [32mINFO[39m (38344): [36mrequest completed[39m
    [35mreq[39m: {
      "id": 603,
      "method": "GET",
      "url": "/api/auth/status"
    }
    [35mres[39m: {
      "statusCode": 200
    }
    [35mresponseTime[39m: 1
[17:53:09.310] [32mINFO[39m (38344): [36mrequest completed[39m
    [35mreq[39m: {
      "id": 604,
      "method": "GET",
      "url": "/api/auth/status"
    }
    [35mres[39m: {
      "statusCode": 200
    }
    [35mresponseTime[39m: 0
[17:53:14.535] [32mINFO[39m (38344): [36mrequest completed[39m
    [35mreq[39m: {
      "id": 605,
      "method": "GET",
      "url": "/api/auth/status"
    }
    [35mres[39m: {
      "statusCode": 200
    }
    [35mresponseTime[39m: 0
[17:53:14.535] [32mINFO[39m (38344): [36mrequest completed[39m
    [35mreq[39m: {
      "id": 606,
      "method": "GET",
      "url": "/api/auth/me"
    }
    [35mres[39m: {
      "statusCode": 401
    }
    [35mresponseTime[39m: 0
[17:53:20.538] [32mINFO[39m (38344): [36mrequest completed[39m
    [35mreq[39m: {
      "id": 607,
      "method": "GET",
      "url": "/api/auth/status"
    }
    [35mres[39m: {
      "statusCode": 200
    }
    [35mresponseTime[39m: 0
[17:53:26.539] [32mINFO[39m (38344): [36mrequest completed[39m
    [35mreq[39m: {
      "id": 608,
      "method": "GET",
      "url": "/api/auth/status"
    }
    [35mres[39m: {
      "statusCode": 200
    }
    [35mresponseTime[39m: 0
[17:53:32.539] [32mINFO[39m (38344): [36mrequest completed[39m
    [35mreq[39m: {
      "id": 609,
      "method": "GET",
      "url": "/api/auth/status"
    }
    [35mres[39m: {
      "statusCode": 200
    }
    [35mresponseTime[39m: 0
[17:53:38.535] [32mINFO[39m (38344): [36mrequest completed[39m
    [35mreq[39m: {
      "id": 610,
      "method": "GET",
      "url": "/api/auth/status"
    }
    [35mres[39m: {
      "statusCode": 200
    }
    [35mresponseTime[39m: 0
[17:53:44.820] [32mINFO[39m (38344): [36mrequest completed[39m
    [35mreq[39m: {
      "id": 611,
      "method": "GET",
      "url": "/api/auth/status"
    }
    [35mres[39m: {
      "statusCode": 200
    }
    [35mresponseTime[39m: 1
[17:53:50.810] [32mINFO[39m (38344): [36mrequest completed[39m
    [35mreq[39m: {
      "id": 612,
      "method": "GET",
      "url": "/api/auth/status"
    }
    [35mres[39m: {
      "statusCode": 200
    }
    [35mresponseTime[39m: 0
[17:53:57.126] [32mINFO[39m (38344): [36mrequest completed[39m
    [35mreq[39m: {
      "id": 613,
      "method": "GET",
      "url": "/api/auth/status"
    }
    [35mres[39m: {
      "statusCode": 200
    }
    [35mresponseTime[39m: 0
[17:54:02.816] [32mINFO[39m (38344): [36mrequest completed[39m
    [35mreq[39m: {
      "id": 614,
      "method": "GET",
      "url": "/api/auth/status"
    }
    [35mres[39m: {
      "statusCode": 200
    }
    [35mresponseTime[39m: 0
[17:54:09.120] [32mINFO[39m (38344): [36mrequest completed[39m
    [35mreq[39m: {
      "id": 615,
      "method": "GET",
      "url": "/api/auth/status"
    }
    [35mres[39m: {
      "statusCode": 200
    }
    [35mresponseTime[39m: 0
[17:54:14.819] [32mINFO[39m (38344): [36mrequest completed[39m
    [35mreq[39m: {
      "id": 616,
      "method": "GET",
      "url": "/api/auth/status"
    }
    [35mres[39m: {
      "statusCode": 200
    }
    [35mresponseTime[39m: 0
[17:54:21.127] [32mINFO[39m (38344): [36mrequest completed[39m
    [35mreq[39m: {
      "id": 617,
      "method": "GET",
      "url": "/api/auth/status"
    }
    [35mres[39m: {
      "statusCode": 200
    }
    [35mresponseTime[39m: 0
[17:54:26.812] [32mINFO[39m (38344): [36mrequest completed[39m
    [35mreq[39m: {
      "id": 618,
      "method": "GET",
      "url": "/api/auth/status"
    }
    [35mres[39m: {
      "statusCode": 200
    }
    [35mresponseTime[39m: 0
[17:54:33.120] [32mINFO[39m (38344): [36mrequest completed[39m
    [35mreq[39m: {
      "id": 619,
      "method": "GET",
      "url": "/api/auth/status"
    }
    [35mres[39m: {
      "statusCode": 200
    }
    [35mresponseTime[39m: 1
[17:55:13.811] [32mINFO[39m (38344): [36mrequest completed[39m
    [35mreq[39m: {
      "id": 620,
      "method": "GET",
      "url": "/api/auth/status"
    }
    [35mres[39m: {
      "statusCode": 200
    }
    [35mresponseTime[39m: 1
[17:56:14.117] [32mINFO[39m (38344): [36mrequest completed[39m
    [35mreq[39m: {
      "id": 621,
      "method": "GET",
      "url": "/api/auth/status"
    }
    [35mres[39m: {
      "statusCode": 200
    }
    [35mresponseTime[39m: 0
[17:57:13.814] [32mINFO[39m (38344): [36mrequest completed[39m
    [35mreq[39m: {
      "id": 622,
      "method": "GET",
      "url": "/api/auth/status"
    }
    [35mres[39m: {
      "statusCode": 200
    }
    [35mresponseTime[39m: 0
[17:58:14.118] [32mINFO[39m (38344): [36mrequest completed[39m
    [35mreq[39m: {
      "id": 623,
      "method": "GET",
      "url": "/api/auth/status"
    }
    [35mres[39m: {
      "statusCode": 200
    }
    [35mresponseTime[39m: 1
[17:59:13.811] [32mINFO[39m (38344): [36mrequest completed[39m
    [35mreq[39m: {
      "id": 624,
      "method": "GET",
      "url": "/api/auth/status"
    }
    [35mres[39m: {
      "statusCode": 200
    }
    [35mresponseTime[39m: 0
[18:00:14.119] [32mINFO[39m (38344): [36mrequest completed[39m
    [35mreq[39m: {
      "id": 625,
      "method": "GET",
      "url": "/api/auth/status"
    }
    [35mres[39m: {
      "statusCode": 200
    }
    [35mresponseTime[39m: 0
[18:01:13.816] [32mINFO[39m (38344): [36mrequest completed[39m
    [35mreq[39m: {
      "id": 626,
      "method": "GET",
      "url": "/api/auth/status"
    }
    [35mres[39m: {
      "statusCode": 200
    }
    [35mresponseTime[39m: 0
[18:02:14.127] [32mINFO[39m (38344): [36mrequest completed[39m
    [35mreq[39m: {
      "id": 627,
      "method": "GET",
      "url": "/api/auth/status"
    }
    [35mres[39m: {
      "statusCode": 200
    }
    [35mresponseTime[39m: 1
[18:03:13.819] [32mINFO[39m (38344): [36mrequest completed[39m
    [35mreq[39m: {
      "id": 628,
      "method": "GET",
      "url": "/api/auth/status"
    }
    [35mres[39m: {
      "statusCode": 200
    }
    [35mresponseTime[39m: 1
[18:04:14.125] [32mINFO[39m (38344): [36mrequest completed[39m
    [35mreq[39m: {
      "id": 629,
      "method": "GET",
      "url": "/api/auth/status"
    }
    [35mres[39m: {
      "statusCode": 200
    }
    [35mresponseTime[39m: 0
[18:05:13.816] [32mINFO[39m (38344): [36mrequest completed[39m
    [35mreq[39m: {
      "id": 630,
      "method": "GET",
      "url": "/api/auth/status"
    }
    [35mres[39m: {
      "statusCode": 200
    }
    [35mresponseTime[39m: 0
[18:06:14.120] [32mINFO[39m (38344): [36mrequest completed[39m
    [35mreq[39m: {
      "id": 631,
      "method": "GET",
      "url": "/api/auth/status"
    }
    [35mres[39m: {
      "statusCode": 200
    }
    [35mresponseTime[39m: 0
[18:07:13.820] [32mINFO[39m (38344): [36mrequest completed[39m
    [35mreq[39m: {
      "id": 632,
      "method": "GET",
      "url": "/api/auth/status"
    }
    [35mres[39m: {
      "statusCode": 200
    }
    [35mresponseTime[39m: 0
[18:08:14.122] [32mINFO[39m (38344): [36mrequest completed[39m
    [35mreq[39m: {
      "id": 633,
      "method": "GET",
      "url": "/api/auth/status"
    }
    [35mres[39m: {
      "statusCode": 200
    }
    [35mresponseTime[39m: 0
[18:09:13.820] [32mINFO[39m (38344): [36mrequest completed[39m
    [35mreq[39m: {
      "id": 634,
      "method": "GET",
      "url": "/api/auth/status"
    }
    [35mres[39m: {
      "statusCode": 200
    }
    [35mresponseTime[39m: 1
[18:10:14.123] [32mINFO[39m (38344): [36mrequest completed[39m
    [35mreq[39m: {
      "id": 635,
      "method": "GET",
      "url": "/api/auth/status"
    }
    [35mres[39m: {
      "statusCode": 200
    }
    [35mresponseTime[39m: 0
[18:11:13.809] [32mINFO[39m (38344): [36mrequest completed[39m
    [35mreq[39m: {
      "id": 636,
      "method": "GET",
      "url": "/api/auth/status"
    }
    [35mres[39m: {
      "statusCode": 200
    }
    [35mresponseTime[39m: 0
[18:12:14.114] [32mINFO[39m (38344): [36mrequest completed[39m
    [35mreq[39m: {
      "id": 637,
      "method": "GET",
      "url": "/api/auth/status"
    }
    [35mres[39m: {
      "statusCode": 200
    }
    [35mresponseTime[39m: 0
[18:13:13.812] [32mINFO[39m (38344): [36mrequest completed[39m
    [35mreq[39m: {
      "id": 638,
      "method": "GET",
      "url": "/api/auth/status"
    }
    [35mres[39m: {
      "statusCode": 200
    }
    [35mresponseTime[39m: 1
[18:14:14.127] [32mINFO[39m (38344): [36mrequest completed[39m
    [35mreq[39m: {
      "id": 639,
      "method": "GET",
      "url": "/api/auth/status"
    }
    [35mres[39m: {
      "statusCode": 200
    }
    [35mresponseTime[39m: 0
[18:15:13.812] [32mINFO[39m (38344): [36mrequest completed[39m
    [35mreq[39m: {
      "id": 640,
      "method": "GET",
      "url": "/api/auth/status"
    }
    [35mres[39m: {
      "statusCode": 200
    }
    [35mresponseTime[39m: 0
[18:16:14.129] [32mINFO[39m (38344): [36mrequest completed[39m
    [35mreq[39m: {
      "id": 641,
      "method": "GET",
      "url": "/api/auth/status"
    }
    [35mres[39m: {
      "statusCode": 200
    }
    [35mresponseTime[39m: 0
[18:17:14.122] [32mINFO[39m (38344): [36mrequest completed[39m
    [35mreq[39m: {
      "id": 642,
      "method": "GET",
      "url": "/api/auth/status"
    }
    [35mres[39m: {
      "statusCode": 200
    }
    [35mresponseTime[39m: 0
[18:17:33.481] [32mINFO[39m (38344): [36mrequest completed[39m
    [35mreq[39m: {
      "id": 643,
      "method": "GET",
      "url": "/api/auth/status"
    }
    [35mres[39m: {
      "statusCode": 200
    }
    [35mresponseTime[39m: 1
[18:17:38.845] [32mINFO[39m (38344): [36mrequest completed[39m
    [35mreq[39m: {
      "id": 644,
      "method": "GET",
      "url": "/api/auth/status"
    }
    [35mres[39m: {
      "statusCode": 200
    }
    [35mresponseTime[39m: 0
[18:17:44.536] [32mINFO[39m (38344): [36mrequest completed[39m
    [35mreq[39m: {
      "id": 645,
      "method": "GET",
      "url": "/api/auth/status"
    }
    [35mres[39m: {
      "statusCode": 200
    }
    [35mresponseTime[39m: 0
[18:17:50.843] [32mINFO[39m (38344): [36mrequest completed[39m
    [35mreq[39m: {
      "id": 646,
      "method": "GET",
      "url": "/api/auth/status"
    }
    [35mres[39m: {
      "statusCode": 200
    }
    [35mresponseTime[39m: 1
[18:17:56.535] [32mINFO[39m (38344): [36mrequest completed[39m
    [35mreq[39m: {
      "id": 647,
      "method": "GET",
      "url": "/api/auth/status"
    }
    [35mres[39m: {
      "statusCode": 200
    }
    [35mresponseTime[39m: 0
[18:18:02.842] [32mINFO[39m (38344): [36mrequest completed[39m
    [35mreq[39m: {
      "id": 648,
      "method": "GET",
      "url": "/api/auth/status"
    }
    [35mres[39m: {
      "statusCode": 200
    }
    [35mresponseTime[39m: 0
[18:18:08.535] [32mINFO[39m (38344): [36mrequest completed[39m
    [35mreq[39m: {
      "id": 649,
      "method": "GET",
      "url": "/api/auth/status"
    }
    [35mres[39m: {
      "statusCode": 200
    }
    [35mresponseTime[39m: 0
[18:18:14.840] [32mINFO[39m (38344): [36mrequest completed[39m
    [35mreq[39m: {
      "id": 650,
      "method": "GET",
      "url": "/api/auth/status"
    }
    [35mres[39m: {
      "statusCode": 200
    }
    [35mresponseTime[39m: 0
[18:18:20.535] [32mINFO[39m (38344): [36mrequest completed[39m
    [35mreq[39m: {
      "id": 651,
      "method": "GET",
      "url": "/api/auth/status"
    }
    [35mres[39m: {
      "statusCode": 200
    }
    [35mresponseTime[39m: 0
[18:18:26.837] [32mINFO[39m (38344): [36mrequest completed[39m
    [35mreq[39m: {
      "id": 652,
      "method": "GET",
      "url": "/api/auth/status"
    }
    [35mres[39m: {
      "statusCode": 200
    }
    [35mresponseTime[39m: 0
[18:18:32.535] [32mINFO[39m (38344): [36mrequest completed[39m
    [35mreq[39m: {
      "id": 653,
      "method": "GET",
      "url": "/api/auth/status"
    }
    [35mres[39m: {
      "statusCode": 200
    }
    [35mresponseTime[39m: 0
[18:18:38.847] [32mINFO[39m (38344): [36mrequest completed[39m
    [35mreq[39m: {
      "id": 654,
      "method": "GET",
      "url": "/api/auth/status"
    }
    [35mres[39m: {
      "statusCode": 200
    }
    [35mresponseTime[39m: 1
[18:18:44.535] [32mINFO[39m (38344): [36mrequest completed[39m
    [35mreq[39m: {
      "id": 655,
      "method": "GET",
      "url": "/api/auth/status"
    }
    [35mres[39m: {
      "statusCode": 200
    }
    [35mresponseTime[39m: 0
[18:18:50.847] [32mINFO[39m (38344): [36mrequest completed[39m
    [35mreq[39m: {
      "id": 656,
      "method": "GET",
      "url": "/api/auth/status"
    }
    [35mres[39m: {
      "statusCode": 200
    }
    [35mresponseTime[39m: 1
[18:18:56.535] [32mINFO[39m (38344): [36mrequest completed[39m
    [35mreq[39m: {
      "id": 657,
      "method": "GET",
      "url": "/api/auth/status"
    }
    [35mres[39m: {
      "statusCode": 200
    }
    [35mresponseTime[39m: 0
[18:19:02.843] [32mINFO[39m (38344): [36mrequest completed[39m
    [35mreq[39m: {
      "id": 658,
      "method": "GET",
      "url": "/api/auth/status"
    }
    [35mres[39m: {
      "statusCode": 200
    }
    [35mresponseTime[39m: 0
[18:19:08.535] [32mINFO[39m (38344): [36mrequest completed[39m
    [35mreq[39m: {
      "id": 659,
      "method": "GET",
      "url": "/api/auth/status"
    }
    [35mres[39m: {
      "statusCode": 200
    }
    [35mresponseTime[39m: 1
[18:19:14.850] [32mINFO[39m (38344): [36mrequest completed[39m
    [35mreq[39m: {
      "id": 660,
      "method": "GET",
      "url": "/api/auth/status"
    }
    [35mres[39m: {
      "statusCode": 200
    }
    [35mresponseTime[39m: 0
[18:19:20.534] [32mINFO[39m (38344): [36mrequest completed[39m
    [35mreq[39m: {
      "id": 661,
      "method": "GET",
      "url": "/api/auth/status"
    }
    [35mres[39m: {
      "statusCode": 200
    }
    [35mresponseTime[39m: 0
[18:19:26.847] [32mINFO[39m (38344): [36mrequest completed[39m
    [35mreq[39m: {
      "id": 662,
      "method": "GET",
      "url": "/api/auth/status"
    }
    [35mres[39m: {
      "statusCode": 200
    }
    [35mresponseTime[39m: 0
[18:19:32.534] [32mINFO[39m (38344): [36mrequest completed[39m
    [35mreq[39m: {
      "id": 663,
      "method": "GET",
      "url": "/api/auth/status"
    }
    [35mres[39m: {
      "statusCode": 200
    }
    [35mresponseTime[39m: 0
[18:19:38.844] [32mINFO[39m (38344): [36mrequest completed[39m
    [35mreq[39m: {
      "id": 664,
      "method": "GET",
      "url": "/api/auth/status"
    }
    [35mres[39m: {
      "statusCode": 200
    }
    [35mresponseTime[39m: 0
[18:19:44.534] [32mINFO[39m (38344): [36mrequest completed[39m
    [35mreq[39m: {
      "id": 665,
      "method": "GET",
      "url": "/api/auth/status"
    }
    [35mres[39m: {
      "statusCode": 200
    }
    [35mresponseTime[39m: 0
[18:19:50.839] [32mINFO[39m (38344): [36mrequest completed[39m
    [35mreq[39m: {
      "id": 666,
      "method": "GET",
      "url": "/api/auth/status"
    }
    [35mres[39m: {
      "statusCode": 200
    }
    [35mresponseTime[39m: 0
[18:19:56.540] [32mINFO[39m (38344): [36mrequest completed[39m
    [35mreq[39m: {
      "id": 667,
      "method": "GET",
      "url": "/api/auth/status"
    }
    [35mres[39m: {
      "statusCode": 200
    }
    [35mresponseTime[39m: 0
[18:20:02.852] [32mINFO[39m (38344): [36mrequest completed[39m
    [35mreq[39m: {
      "id": 668,
      "method": "GET",
      "url": "/api/auth/status"
    }
    [35mres[39m: {
      "statusCode": 200
    }
    [35mresponseTime[39m: 0
[18:20:08.541] [32mINFO[39m (38344): [36mrequest completed[39m
    [35mreq[39m: {
      "id": 669,
      "method": "GET",
      "url": "/api/auth/status"
    }
    [35mres[39m: {
      "statusCode": 200
    }
    [35mresponseTime[39m: 0
[18:20:14.850] [32mINFO[39m (38344): [36mrequest completed[39m
    [35mreq[39m: {
      "id": 670,
      "method": "GET",
      "url": "/api/auth/status"
    }
    [35mres[39m: {
      "statusCode": 200
    }
    [35mresponseTime[39m: 0
[18:20:20.537] [32mINFO[39m (38344): [36mrequest completed[39m
    [35mreq[39m: {
      "id": 671,
      "method": "GET",
      "url": "/api/auth/status"
    }
    [35mres[39m: {
      "statusCode": 200
    }
    [35mresponseTime[39m: 1
[18:20:26.853] [32mINFO[39m (38344): [36mrequest completed[39m
    [35mreq[39m: {
      "id": 672,
      "method": "GET",
      "url": "/api/auth/status"
    }
    [35mres[39m: {
      "statusCode": 200
    }
    [35mresponseTime[39m: 1
[18:20:31.824] [32mINFO[39m (38344): [36mrequest completed[39m
    [35mreq[39m: {
      "id": 673,
      "method": "GET",
      "url": "/api/auth/status"
    }
    [35mres[39m: {
      "statusCode": 200
    }
    [35mresponseTime[39m: 1
[18:20:33.972] [32mINFO[39m (38344): [36mrequest completed[39m
    [35mreq[39m: {
      "id": 674,
      "method": "GET",
      "url": "/api/auth/status"
    }
    [35mres[39m: {
      "statusCode": 200
    }
    [35mresponseTime[39m: 0
[18:20:40.290] [32mINFO[39m (38344): [36mrequest completed[39m
    [35mreq[39m: {
      "id": 675,
      "method": "GET",
      "url": "/api/auth/status"
    }
    [35mres[39m: {
      "statusCode": 200
    }
    [35mresponseTime[39m: 0
[18:20:46.816] [32mINFO[39m (38344): [36mrequest completed[39m
    [35mreq[39m: {
      "id": 676,
      "method": "GET",
      "url": "/api/auth/status"
    }
    [35mres[39m: {
      "statusCode": 200
    }
    [35mresponseTime[39m: 0
[18:20:53.122] [32mINFO[39m (38344): [36mrequest completed[39m
    [35mreq[39m: {
      "id": 677,
      "method": "GET",
      "url": "/api/auth/status"
    }
    [35mres[39m: {
      "statusCode": 200
    }
    [35mresponseTime[39m: 0
[18:20:58.808] [32mINFO[39m (38344): [36mrequest completed[39m
    [35mreq[39m: {
      "id": 678,
      "method": "GET",
      "url": "/api/auth/status"
    }
    [35mres[39m: {
      "statusCode": 200
    }
    [35mresponseTime[39m: 0
[18:21:05.118] [32mINFO[39m (38344): [36mrequest completed[39m
    [35mreq[39m: {
      "id": 679,
      "method": "GET",
      "url": "/api/auth/status"
    }
    [35mres[39m: {
      "statusCode": 200
    }
    [35mresponseTime[39m: 0
[18:21:10.816] [32mINFO[39m (38344): [36mrequest completed[39m
    [35mreq[39m: {
      "id": 680,
      "method": "GET",
      "url": "/api/auth/status"
    }
    [35mres[39m: {
      "statusCode": 200
    }
    [35mresponseTime[39m: 0
[18:21:17.126] [32mINFO[39m (38344): [36mrequest completed[39m
    [35mreq[39m: {
      "id": 681,
      "method": "GET",
      "url": "/api/auth/status"
    }
    [35mres[39m: {
      "statusCode": 200
    }
    [35mresponseTime[39m: 1
[18:21:22.818] [32mINFO[39m (38344): [36mrequest completed[39m
    [35mreq[39m: {
      "id": 682,
      "method": "GET",
      "url": "/api/auth/status"
    }
    [35mres[39m: {
      "statusCode": 200
    }
    [35mresponseTime[39m: 0
[18:21:28.280] [32mINFO[39m (38344): [36mrequest completed[39m
    [35mreq[39m: {
      "id": 683,
      "method": "GET",
      "url": "/api/auth/status"
    }
    [35mres[39m: {
      "statusCode": 200
    }
    [35mresponseTime[39m: 0
[18:21:33.977] [32mINFO[39m (38344): [36mrequest completed[39m
    [35mreq[39m: {
      "id": 684,
      "method": "GET",
      "url": "/api/auth/status"
    }
    [35mres[39m: {
      "statusCode": 200
    }
    [35mresponseTime[39m: 0
[18:21:41.125] [32mINFO[39m (38344): [36mrequest completed[39m
    [35mreq[39m: {
      "id": 685,
      "method": "GET",
      "url": "/api/auth/status"
    }
    [35mres[39m: {
      "statusCode": 200
    }
    [35mresponseTime[39m: 0
[18:21:46.819] [32mINFO[39m (38344): [36mrequest completed[39m
    [35mreq[39m: {
      "id": 686,
      "method": "GET",
      "url": "/api/auth/status"
    }
    [35mres[39m: {
      "statusCode": 200
    }
    [35mresponseTime[39m: 0
[18:21:53.130] [32mINFO[39m (38344): [36mrequest completed[39m
    [35mreq[39m: {
      "id": 687,
      "method": "GET",
      "url": "/api/auth/status"
    }
    [35mres[39m: {
      "statusCode": 200
    }
    [35mresponseTime[39m: 0
[18:21:58.807] [32mINFO[39m (38344): [36mrequest completed[39m
    [35mreq[39m: {
      "id": 688,
      "method": "GET",
      "url": "/api/auth/status"
    }
    [35mres[39m: {
      "statusCode": 200
    }
    [35mresponseTime[39m: 0
[18:22:05.116] [32mINFO[39m (38344): [36mrequest completed[39m
    [35mreq[39m: {
      "id": 689,
      "method": "GET",
      "url": "/api/auth/status"
    }
    [35mres[39m: {
      "statusCode": 200
    }
    [35mresponseTime[39m: 0
[18:22:10.812] [32mINFO[39m (38344): [36mrequest completed[39m
    [35mreq[39m: {
      "id": 690,
      "method": "GET",
      "url": "/api/auth/status"
    }
    [35mres[39m: {
      "statusCode": 200
    }
    [35mresponseTime[39m: 1
[18:22:17.125] [32mINFO[39m (38344): [36mrequest completed[39m
    [35mreq[39m: {
      "id": 691,
      "method": "GET",
      "url": "/api/auth/status"
    }
    [35mres[39m: {
      "statusCode": 200
    }
    [35mresponseTime[39m: 0
[18:22:22.816] [32mINFO[39m (38344): [36mrequest completed[39m
    [35mreq[39m: {
      "id": 692,
      "method": "GET",
      "url": "/api/auth/status"
    }
    [35mres[39m: {
      "statusCode": 200
    }
    [35mresponseTime[39m: 0
[18:22:29.117] [32mINFO[39m (38344): [36mrequest completed[39m
    [35mreq[39m: {
      "id": 693,
      "method": "GET",
      "url": "/api/auth/status"
    }
    [35mres[39m: {
      "statusCode": 200
    }
    [35mresponseTime[39m: 0
[18:22:34.818] [32mINFO[39m (38344): [36mrequest completed[39m
    [35mreq[39m: {
      "id": 694,
      "method": "GET",
      "url": "/api/auth/status"
    }
    [35mres[39m: {
      "statusCode": 200
    }
    [35mresponseTime[39m: 0
[18:22:51.123] [32mINFO[39m (38344): [36mrequest completed[39m
    [35mreq[39m: {
      "id": 695,
      "method": "GET",
      "url": "/api/auth/status"
    }
    [35mres[39m: {
      "statusCode": 200
    }
    [35mresponseTime[39m: 0
[18:22:51.739] [32mINFO[39m (38344): [36mrequest completed[39m
    [35mreq[39m: {
      "id": 696,
      "method": "GET",
      "url": "/api/auth/status"
    }
    [35mres[39m: {
      "statusCode": 200
    }
    [35mresponseTime[39m: 1
[18:22:58.059] [32mINFO[39m (38344): [36mrequest completed[39m
    [35mreq[39m: {
      "id": 697,
      "method": "GET",
      "url": "/api/auth/status"
    }
    [35mres[39m: {
      "statusCode": 200
    }
    [35mresponseTime[39m: 1
[18:23:03.813] [32mINFO[39m (38344): [36mrequest completed[39m
    [35mreq[39m: {
      "id": 698,
      "method": "GET",
      "url": "/api/auth/status"
    }
    [35mres[39m: {
      "statusCode": 200
    }
    [35mresponseTime[39m: 0
[18:23:10.118] [32mINFO[39m (38344): [36mrequest completed[39m
    [35mreq[39m: {
      "id": 699,
      "method": "GET",
      "url": "/api/auth/status"
    }
    [35mres[39m: {
      "statusCode": 200
    }
    [35mresponseTime[39m: 1
[18:23:15.819] [32mINFO[39m (38344): [36mrequest completed[39m
    [35mreq[39m: {
      "id": 700,
      "method": "GET",
      "url": "/api/auth/status"
    }
    [35mres[39m: {
      "statusCode": 200
    }
    [35mresponseTime[39m: 0
[18:23:22.121] [32mINFO[39m (38344): [36mrequest completed[39m
    [35mreq[39m: {
      "id": 701,
      "method": "GET",
      "url": "/api/auth/status"
    }
    [35mres[39m: {
      "statusCode": 200
    }
    [35mresponseTime[39m: 0
[18:23:27.808] [32mINFO[39m (38344): [36mrequest completed[39m
    [35mreq[39m: {
      "id": 702,
      "method": "GET",
      "url": "/api/auth/status"
    }
    [35mres[39m: {
      "statusCode": 200
    }
    [35mresponseTime[39m: 1
[18:23:34.117] [32mINFO[39m (38344): [36mrequest completed[39m
    [35mreq[39m: {
      "id": 703,
      "method": "GET",
      "url": "/api/auth/status"
    }
    [35mres[39m: {
      "statusCode": 200
    }
    [35mresponseTime[39m: 0
[18:23:39.808] [32mINFO[39m (38344): [36mrequest completed[39m
    [35mreq[39m: {
      "id": 704,
      "method": "GET",
      "url": "/api/auth/status"
    }
    [35mres[39m: {
      "statusCode": 200
    }
    [35mresponseTime[39m: 0
[18:23:46.119] [32mINFO[39m (38344): [36mrequest completed[39m
    [35mreq[39m: {
      "id": 705,
      "method": "GET",
      "url": "/api/auth/status"
    }
    [35mres[39m: {
      "statusCode": 200
    }
    [35mresponseTime[39m: 1
[18:23:51.816] [32mINFO[39m (38344): [36mrequest completed[39m
    [35mreq[39m: {
      "id": 706,
      "method": "GET",
      "url": "/api/auth/status"
    }
    [35mres[39m: {
      "statusCode": 200
    }
    [35mresponseTime[39m: 0
[18:23:58.129] [32mINFO[39m (38344): [36mrequest completed[39m
    [35mreq[39m: {
      "id": 707,
      "method": "GET",
      "url": "/api/auth/status"
    }
    [35mres[39m: {
      "statusCode": 200
    }
    [35mresponseTime[39m: 0
[18:24:13.816] [32mINFO[39m (38344): [36mrequest completed[39m
    [35mreq[39m: {
      "id": 708,
      "method": "GET",
      "url": "/api/auth/status"
    }
    [35mres[39m: {
      "statusCode": 200
    }
    [35mresponseTime[39m: 0
[18:25:14.125] [32mINFO[39m (38344): [36mrequest completed[39m
    [35mreq[39m: {
      "id": 709,
      "method": "GET",
      "url": "/api/auth/status"
    }
    [35mres[39m: {
      "statusCode": 200
    }
    [35mresponseTime[39m: 1
[18:26:13.814] [32mINFO[39m (38344): [36mrequest completed[39m
    [35mreq[39m: {
      "id": 710,
      "method": "GET",
      "url": "/api/auth/status"
    }
    [35mres[39m: {
      "statusCode": 200
    }
    [35mresponseTime[39m: 1
[18:27:14.124] [32mINFO[39m (38344): [36mrequest completed[39m
    [35mreq[39m: {
      "id": 711,
      "method": "GET",
      "url": "/api/auth/status"
    }
    [35mres[39m: {
      "statusCode": 200
    }
    [35mresponseTime[39m: 0
[18:27:31.396] [32mINFO[39m (38344): [36mrequest completed[39m
    [35mreq[39m: {
      "id": 712,
      "method": "GET",
      "url": "/api/auth/status"
    }
    [35mres[39m: {
      "statusCode": 200
    }
    [35mresponseTime[39m: 0
[18:27:34.045] [32mINFO[39m (38344): [36mrequest completed[39m
    [35mreq[39m: {
      "id": 713,
      "method": "GET",
      "url": "/api/auth/status"
    }
    [35mres[39m: {
      "statusCode": 200
    }
    [35mresponseTime[39m: 1
[18:27:39.736] [32mINFO[39m (38344): [36mrequest completed[39m
    [35mreq[39m: {
      "id": 714,
      "method": "GET",
      "url": "/api/auth/status"
    }
    [35mres[39m: {
      "statusCode": 200
    }
    [35mresponseTime[39m: 0
[18:27:46.041] [32mINFO[39m (38344): [36mrequest completed[39m
    [35mreq[39m: {
      "id": 715,
      "method": "GET",
      "url": "/api/auth/status"
    }
    [35mres[39m: {
      "statusCode": 200
    }
    [35mresponseTime[39m: 0
[18:27:46.721] [32mINFO[39m (38344): [36mrequest completed[39m
    [35mreq[39m: {
      "id": 716,
      "method": "GET",
      "url": "/api/auth/status"
    }
    [35mres[39m: {
      "statusCode": 200
    }
    [35mresponseTime[39m: 0
[18:27:50.969] [32mINFO[39m (38344): [36mrequest completed[39m
    [35mreq[39m: {
      "id": 717,
      "method": "GET",
      "url": "/api/auth/status"
    }
    [35mres[39m: {
      "statusCode": 200
    }
    [35mresponseTime[39m: 1
[18:27:56.973] [32mINFO[39m (38344): [36mrequest completed[39m
    [35mreq[39m: {
      "id": 718,
      "method": "GET",
      "url": "/api/auth/status"
    }
    [35mres[39m: {
      "statusCode": 200
    }
    [35mresponseTime[39m: 1
[18:28:03.275] [32mINFO[39m (38344): [36mrequest completed[39m
    [35mreq[39m: {
      "id": 719,
      "method": "GET",
      "url": "/api/auth/status"
    }
    [35mres[39m: {
      "statusCode": 200
    }
    [35mresponseTime[39m: 1
[18:28:08.969] [32mINFO[39m (38344): [36mrequest completed[39m
    [35mreq[39m: {
      "id": 720,
      "method": "GET",
      "url": "/api/auth/status"
    }
    [35mres[39m: {
      "statusCode": 200
    }
    [35mresponseTime[39m: 0
[18:28:16.126] [32mINFO[39m (38344): [36mrequest completed[39m
    [35mreq[39m: {
      "id": 721,
      "method": "GET",
      "url": "/api/auth/status"
    }
    [35mres[39m: {
      "statusCode": 200
    }
    [35mresponseTime[39m: 0
[18:28:21.805] [32mINFO[39m (38344): [36mrequest completed[39m
    [35mreq[39m: {
      "id": 722,
      "method": "GET",
      "url": "/api/auth/status"
    }
    [35mres[39m: {
      "statusCode": 200
    }
    [35mresponseTime[39m: 0
[18:28:28.117] [32mINFO[39m (38344): [36mrequest completed[39m
    [35mreq[39m: {
      "id": 723,
      "method": "GET",
      "url": "/api/auth/status"
    }
    [35mres[39m: {
      "statusCode": 200
    }
    [35mresponseTime[39m: 0
[18:28:33.812] [32mINFO[39m (38344): [36mrequest completed[39m
    [35mreq[39m: {
      "id": 724,
      "method": "GET",
      "url": "/api/auth/status"
    }
    [35mres[39m: {
      "statusCode": 200
    }
    [35mresponseTime[39m: 0
[18:28:40.126] [32mINFO[39m (38344): [36mrequest completed[39m
    [35mreq[39m: {
      "id": 725,
      "method": "GET",
      "url": "/api/auth/status"
    }
    [35mres[39m: {
      "statusCode": 200
    }
    [35mresponseTime[39m: 0
[18:28:45.815] [32mINFO[39m (38344): [36mrequest completed[39m
    [35mreq[39m: {
      "id": 726,
      "method": "GET",
      "url": "/api/auth/status"
    }
    [35mres[39m: {
      "statusCode": 200
    }
    [35mresponseTime[39m: 0
[18:28:52.129] [32mINFO[39m (38344): [36mrequest completed[39m
    [35mreq[39m: {
      "id": 727,
      "method": "GET",
      "url": "/api/auth/status"
    }
    [35mres[39m: {
      "statusCode": 200
    }
    [35mresponseTime[39m: 0
[18:28:57.812] [32mINFO[39m (38344): [36mrequest completed[39m
    [35mreq[39m: {
      "id": 728,
      "method": "GET",
      "url": "/api/auth/status"
    }
    [35mres[39m: {
      "statusCode": 200
    }
    [35mresponseTime[39m: 0
[18:29:04.112] [32mINFO[39m (38344): [36mrequest completed[39m
    [35mreq[39m: {
      "id": 729,
      "method": "GET",
      "url": "/api/auth/status"
    }
    [35mres[39m: {
      "statusCode": 200
    }
    [35mresponseTime[39m: 0
[18:29:09.808] [32mINFO[39m (38344): [36mrequest completed[39m
    [35mreq[39m: {
      "id": 730,
      "method": "GET",
      "url": "/api/auth/status"
    }
    [35mres[39m: {
      "statusCode": 200
    }
    [35mresponseTime[39m: 0
[18:30:11.126] [32mINFO[39m (38344): [36mrequest completed[39m
    [35mreq[39m: {
      "id": 731,
      "method": "GET",
      "url": "/api/auth/status"
    }
    [35mres[39m: {
      "statusCode": 200
    }
    [35mresponseTime[39m: 0
[18:31:08.146] [32mINFO[39m (38344): [36mrequest completed[39m
    [35mreq[39m: {
      "id": 732,
      "method": "GET",
      "url": "/api/auth/status"
    }
    [35mres[39m: {
      "statusCode": 200
    }
    [35mresponseTime[39m: 0
[18:31:09.286] [32mINFO[39m (38344): [36mrequest completed[39m
    [35mreq[39m: {
      "id": 733,
      "method": "GET",
      "url": "/api/auth/status"
    }
    [35mres[39m: {
      "statusCode": 200
    }
    [35mresponseTime[39m: 1
[18:31:14.971] [32mINFO[39m (38344): [36mrequest completed[39m
    [35mreq[39m: {
      "id": 734,
      "method": "GET",
      "url": "/api/auth/status"
    }
    [35mres[39m: {
      "statusCode": 200
    }
    [35mresponseTime[39m: 0
[18:31:21.277] [32mINFO[39m (38344): [36mrequest completed[39m
    [35mreq[39m: {
      "id": 735,
      "method": "GET",
      "url": "/api/auth/status"
    }
    [35mres[39m: {
      "statusCode": 200
    }
    [35mresponseTime[39m: 1
[18:31:26.983] [32mINFO[39m (38344): [36mrequest completed[39m
    [35mreq[39m: {
      "id": 736,
      "method": "GET",
      "url": "/api/auth/status"
    }
    [35mres[39m: {
      "statusCode": 200
    }
    [35mresponseTime[39m: 0
[18:31:26.984] [32mINFO[39m (38344): [36mrequest completed[39m
    [35mreq[39m: {
      "id": 737,
      "method": "GET",
      "url": "/api/auth/me"
    }
    [35mres[39m: {
      "statusCode": 401
    }
    [35mresponseTime[39m: 1
[18:31:32.984] [32mINFO[39m (38344): [36mrequest completed[39m
    [35mreq[39m: {
      "id": 738,
      "method": "GET",
      "url": "/api/auth/status"
    }
    [35mres[39m: {
      "statusCode": 200
    }
    [35mresponseTime[39m: 0
[18:31:38.984] [32mINFO[39m (38344): [36mrequest completed[39m
    [35mreq[39m: {
      "id": 739,
      "method": "GET",
      "url": "/api/auth/status"
    }
    [35mres[39m: {
      "statusCode": 200
    }
    [35mresponseTime[39m: 0
[18:31:40.969] [32mINFO[39m (38344): [36mrequest completed[39m
    [35mreq[39m: {
      "id": 740,
      "method": "GET",
      "url": "/api/auth/status"
    }
    [35mres[39m: {
      "statusCode": 200
    }
    [35mresponseTime[39m: 0
[18:31:40.970] [32mINFO[39m (38344): [36mrequest completed[39m
    [35mreq[39m: {
      "id": 741,
      "method": "GET",
      "url": "/api/auth/me"
    }
    [35mres[39m: {
      "statusCode": 401
    }
    [35mresponseTime[39m: 0
[18:31:47.808] [32mINFO[39m (38344): [36mrequest completed[39m
    [35mreq[39m: {
      "id": 742,
      "method": "GET",
      "url": "/api/auth/status"
    }
    [35mres[39m: {
      "statusCode": 200
    }
    [35mresponseTime[39m: 1
[18:31:53.816] [32mINFO[39m (38344): [36mrequest completed[39m
    [35mreq[39m: {
      "id": 743,
      "method": "GET",
      "url": "/api/auth/status"
    }
    [35mres[39m: {
      "statusCode": 200
    }
    [35mresponseTime[39m: 1
[18:31:59.807] [32mINFO[39m (38344): [36mrequest completed[39m
    [35mreq[39m: {
      "id": 744,
      "method": "GET",
      "url": "/api/auth/status"
    }
    [35mres[39m: {
      "statusCode": 200
    }
    [35mresponseTime[39m: 0
[18:32:05.818] [32mINFO[39m (38344): [36mrequest completed[39m
    [35mreq[39m: {
      "id": 745,
      "method": "GET",
      "url": "/api/auth/status"
    }
    [35mres[39m: {
      "statusCode": 200
    }
    [35mresponseTime[39m: 1
[18:32:12.128] [32mINFO[39m (38344): [36mrequest completed[39m
    [35mreq[39m: {
      "id": 746,
      "method": "GET",
      "url": "/api/auth/status"
    }
    [35mres[39m: {
      "statusCode": 200
    }
    [35mresponseTime[39m: 1
[18:32:17.806] [32mINFO[39m (38344): [36mrequest completed[39m
    [35mreq[39m: {
      "id": 747,
      "method": "GET",
      "url": "/api/auth/status"
    }
    [35mres[39m: {
      "statusCode": 200
    }
    [35mresponseTime[39m: 0
[18:32:24.117] [32mINFO[39m (38344): [36mrequest completed[39m
    [35mreq[39m: {
      "id": 748,
      "method": "GET",
      "url": "/api/auth/status"
    }
    [35mres[39m: {
      "statusCode": 200
    }
    [35mresponseTime[39m: 0
[18:32:29.818] [32mINFO[39m (38344): [36mrequest completed[39m
    [35mreq[39m: {
      "id": 749,
      "method": "GET",
      "url": "/api/auth/status"
    }
    [35mres[39m: {
      "statusCode": 200
    }
    [35mresponseTime[39m: 1
[18:32:36.125] [32mINFO[39m (38344): [36mrequest completed[39m
    [35mreq[39m: {
      "id": 750,
      "method": "GET",
      "url": "/api/auth/status"
    }
    [35mres[39m: {
      "statusCode": 200
    }
    [35mresponseTime[39m: 0
[18:32:41.811] [32mINFO[39m (38344): [36mrequest completed[39m
    [35mreq[39m: {
      "id": 751,
      "method": "GET",
      "url": "/api/auth/status"
    }
    [35mres[39m: {
      "statusCode": 200
    }
    [35mresponseTime[39m: 0
[18:33:14.118] [32mINFO[39m (38344): [36mrequest completed[39m
    [35mreq[39m: {
      "id": 752,
      "method": "GET",
      "url": "/api/auth/status"
    }
    [35mres[39m: {
      "statusCode": 200
    }
    [35mresponseTime[39m: 0
[18:34:13.811] [32mINFO[39m (38344): [36mrequest completed[39m
    [35mreq[39m: {
      "id": 753,
      "method": "GET",
      "url": "/api/auth/status"
    }
    [35mres[39m: {
      "statusCode": 200
    }
    [35mresponseTime[39m: 0
[18:35:13.819] [32mINFO[39m (38344): [36mrequest completed[39m
    [35mreq[39m: {
      "id": 754,
      "method": "GET",
      "url": "/api/auth/status"
    }
    [35mres[39m: {
      "statusCode": 200
    }
    [35mresponseTime[39m: 0
[18:35:23.366] [32mINFO[39m (38344): [36mrequest completed[39m
    [35mreq[39m: {
      "id": 755,
      "method": "GET",
      "url": "/api/auth/status"
    }
    [35mres[39m: {
      "statusCode": 200
    }
    [35mresponseTime[39m: 1
[18:35:26.214] [32mINFO[39m (38344): [36mrequest completed[39m
    [35mreq[39m: {
      "id": 756,
      "method": "GET",
      "url": "/api/auth/status"
    }
    [35mres[39m: {
      "statusCode": 200
    }
    [35mresponseTime[39m: 0
[18:35:32.217] [32mINFO[39m (38344): [36mrequest completed[39m
    [35mreq[39m: {
      "id": 757,
      "method": "GET",
      "url": "/api/auth/status"
    }
    [35mres[39m: {
      "statusCode": 200
    }
    [35mresponseTime[39m: 0
[18:35:38.216] [32mINFO[39m (38344): [36mrequest completed[39m
    [35mreq[39m: {
      "id": 758,
      "method": "GET",
      "url": "/api/auth/status"
    }
    [35mres[39m: {
      "statusCode": 200
    }
    [35mresponseTime[39m: 0
[18:35:44.217] [32mINFO[39m (38344): [36mrequest completed[39m
    [35mreq[39m: {
      "id": 759,
      "method": "GET",
      "url": "/api/auth/status"
    }
    [35mres[39m: {
      "statusCode": 200
    }
    [35mresponseTime[39m: 0
[18:35:50.217] [32mINFO[39m (38344): [36mrequest completed[39m
    [35mreq[39m: {
      "id": 760,
      "method": "GET",
      "url": "/api/auth/status"
    }
    [35mres[39m: {
      "statusCode": 200
    }
    [35mresponseTime[39m: 0
[18:35:56.818] [32mINFO[39m (38344): [36mrequest completed[39m
    [35mreq[39m: {
      "id": 761,
      "method": "GET",
      "url": "/api/auth/status"
    }
    [35mres[39m: {
      "statusCode": 200
    }
    [35mresponseTime[39m: 1
[18:36:02.811] [32mINFO[39m (38344): [36mrequest completed[39m
    [35mreq[39m: {
      "id": 762,
      "method": "GET",
      "url": "/api/auth/status"
    }
    [35mres[39m: {
      "statusCode": 200
    }
    [35mresponseTime[39m: 1
[18:36:08.818] [32mINFO[39m (38344): [36mrequest completed[39m
    [35mreq[39m: {
      "id": 763,
      "method": "GET",
      "url": "/api/auth/status"
    }
    [35mres[39m: {
      "statusCode": 200
    }
    [35mresponseTime[39m: 0
[18:36:14.815] [32mINFO[39m (38344): [36mrequest completed[39m
    [35mreq[39m: {
      "id": 764,
      "method": "GET",
      "url": "/api/auth/status"
    }
    [35mres[39m: {
      "statusCode": 200
    }
    [35mresponseTime[39m: 0
[18:36:21.115] [32mINFO[39m (38344): [36mrequest completed[39m
    [35mreq[39m: {
      "id": 765,
      "method": "GET",
      "url": "/api/auth/status"
    }
    [35mres[39m: {
      "statusCode": 200
    }
    [35mresponseTime[39m: 0
[18:36:26.810] [32mINFO[39m (38344): [36mrequest completed[39m
    [35mreq[39m: {
      "id": 766,
      "method": "GET",
      "url": "/api/auth/status"
    }
    [35mres[39m: {
      "statusCode": 200
    }
    [35mresponseTime[39m: 0
[18:36:33.120] [32mINFO[39m (38344): [36mrequest completed[39m
    [35mreq[39m: {
      "id": 767,
      "method": "GET",
      "url": "/api/auth/status"
    }
    [35mres[39m: {
      "statusCode": 200
    }
    [35mresponseTime[39m: 0
[18:36:38.814] [32mINFO[39m (38344): [36mrequest completed[39m
    [35mreq[39m: {
      "id": 768,
      "method": "GET",
      "url": "/api/auth/status"
    }
    [35mres[39m: {
      "statusCode": 200
    }
    [35mresponseTime[39m: 0
[18:36:45.124] [32mINFO[39m (38344): [36mrequest completed[39m
    [35mreq[39m: {
      "id": 769,
      "method": "GET",
      "url": "/api/auth/status"
    }
    [35mres[39m: {
      "statusCode": 200
    }
    [35mresponseTime[39m: 1
[18:36:50.819] [32mINFO[39m (38344): [36mrequest completed[39m
    [35mreq[39m: {
      "id": 770,
      "method": "GET",
      "url": "/api/auth/status"
    }
    [35mres[39m: {
      "statusCode": 200
    }
    [35mresponseTime[39m: 0
[18:36:57.128] [32mINFO[39m (38344): [36mrequest completed[39m
    [35mreq[39m: {
      "id": 771,
      "method": "GET",
      "url": "/api/auth/status"
    }
    [35mres[39m: {
      "statusCode": 200
    }
    [35mresponseTime[39m: 0
[18:37:13.811] [32mINFO[39m (38344): [36mrequest completed[39m
    [35mreq[39m: {
      "id": 772,
      "method": "GET",
      "url": "/api/auth/status"
    }
    [35mres[39m: {
      "statusCode": 200
    }
    [35mresponseTime[39m: 0
[18:38:10.380] [32mINFO[39m (38344): [36mrequest completed[39m
    [35mreq[39m: {
      "id": 773,
      "method": "GET",
      "url": "/api/auth/status"
    }
    [35mres[39m: {
      "statusCode": 200
    }
    [35mresponseTime[39m: 0
[18:38:10.381] [32mINFO[39m (38344): [36mrequest completed[39m
    [35mreq[39m: {
      "id": 774,
      "method": "GET",
      "url": "/api/auth/me"
    }
    [35mres[39m: {
      "statusCode": 401
    }
    [35mresponseTime[39m: 1
[18:38:14.122] [32mINFO[39m (38344): [36mrequest completed[39m
    [35mreq[39m: {
      "id": 775,
      "method": "GET",
      "url": "/api/auth/status"
    }
    [35mres[39m: {
      "statusCode": 200
    }
    [35mresponseTime[39m: 0
[18:38:16.401] [32mINFO[39m (38344): [36mrequest completed[39m
    [35mreq[39m: {
      "id": 776,
      "method": "GET",
      "url": "/api/auth/status"
    }
    [35mres[39m: {
      "statusCode": 200
    }
    [35mresponseTime[39m: 0
[18:38:19.785] [32mINFO[39m (38344): [36mrequest completed[39m
    [35mreq[39m: {
      "id": 777,
      "method": "GET",
      "url": "/api/auth/status"
    }
    [35mres[39m: {
      "statusCode": 200
    }
    [35mresponseTime[39m: 1
[18:38:19.786] [32mINFO[39m (38344): [36mrequest completed[39m
    [35mreq[39m: {
      "id": 778,
      "method": "GET",
      "url": "/api/auth/me"
    }
    [35mres[39m: {
      "statusCode": 401
    }
    [35mresponseTime[39m: 0
[18:38:25.794] [32mINFO[39m (38344): [36mrequest completed[39m
    [35mreq[39m: {
      "id": 779,
      "method": "GET",
      "url": "/api/auth/status"
    }
    [35mres[39m: {
      "statusCode": 200
    }
    [35mresponseTime[39m: 0
[18:38:31.804] [32mINFO[39m (38344): [36mrequest completed[39m
    [35mreq[39m: {
      "id": 780,
      "method": "GET",
      "url": "/api/auth/status"
    }
    [35mres[39m: {
      "statusCode": 200
    }
    [35mresponseTime[39m: 1
[18:38:37.810] [32mINFO[39m (38344): [36mrequest completed[39m
    [35mreq[39m: {
      "id": 781,
      "method": "GET",
      "url": "/api/auth/status"
    }
    [35mres[39m: {
      "statusCode": 200
    }
    [35mresponseTime[39m: 0
[18:38:43.809] [32mINFO[39m (38344): [36mrequest completed[39m
    [35mreq[39m: {
      "id": 782,
      "method": "GET",
      "url": "/api/auth/status"
    }
    [35mres[39m: {
      "statusCode": 200
    }
    [35mresponseTime[39m: 1
[18:38:49.801] [32mINFO[39m (38344): [36mrequest completed[39m
    [35mreq[39m: {
      "id": 783,
      "method": "GET",
      "url": "/api/auth/status"
    }
    [35mres[39m: {
      "statusCode": 200
    }
    [35mresponseTime[39m: 1
[18:38:55.812] [32mINFO[39m (38344): [36mrequest completed[39m
    [35mreq[39m: {
      "id": 784,
      "method": "GET",
      "url": "/api/auth/status"
    }
    [35mres[39m: {
      "statusCode": 200
    }
    [35mresponseTime[39m: 0
[18:39:01.816] [32mINFO[39m (38344): [36mrequest completed[39m
    [35mreq[39m: {
      "id": 785,
      "method": "GET",
      "url": "/api/auth/status"
    }
    [35mres[39m: {
      "statusCode": 200
    }
    [35mresponseTime[39m: 0
[18:39:07.854] [32mINFO[39m (38344): [36mrequest completed[39m
    [35mreq[39m: {
      "id": 786,
      "method": "GET",
      "url": "/api/auth/status"
    }
    [35mres[39m: {
      "statusCode": 200
    }
    [35mresponseTime[39m: 0
[18:39:13.810] [32mINFO[39m (38344): [36mrequest completed[39m
    [35mreq[39m: {
      "id": 787,
      "method": "GET",
      "url": "/api/auth/status"
    }
    [35mres[39m: {
      "statusCode": 200
    }
    [35mresponseTime[39m: 0
[18:39:13.826] [32mINFO[39m (38344): [36mrequest completed[39m
    [35mreq[39m: {
      "id": 788,
      "method": "GET",
      "url": "/api/auth/status"
    }
    [35mres[39m: {
      "statusCode": 200
    }
    [35mresponseTime[39m: 0
[18:39:19.820] [32mINFO[39m (38344): [36mrequest completed[39m
    [35mreq[39m: {
      "id": 789,
      "method": "GET",
      "url": "/api/auth/status"
    }
    [35mres[39m: {
      "statusCode": 200
    }
    [35mresponseTime[39m: 0
[18:39:25.830] [32mINFO[39m (38344): [36mrequest completed[39m
    [35mreq[39m: {
      "id": 790,
      "method": "GET",
      "url": "/api/auth/status"
    }
    [35mres[39m: {
      "statusCode": 200
    }
    [35mresponseTime[39m: 0
[18:39:31.834] [32mINFO[39m (38344): [36mrequest completed[39m
    [35mreq[39m: {
      "id": 791,
      "method": "GET",
      "url": "/api/auth/status"
    }
    [35mres[39m: {
      "statusCode": 200
    }
    [35mresponseTime[39m: 0
[18:39:37.841] [32mINFO[39m (38344): [36mrequest completed[39m
    [35mreq[39m: {
      "id": 792,
      "method": "GET",
      "url": "/api/auth/status"
    }
    [35mres[39m: {
      "statusCode": 200
    }
    [35mresponseTime[39m: 0
[18:39:43.844] [32mINFO[39m (38344): [36mrequest completed[39m
    [35mreq[39m: {
      "id": 793,
      "method": "GET",
      "url": "/api/auth/status"
    }
    [35mres[39m: {
      "statusCode": 200
    }
    [35mresponseTime[39m: 0
[18:39:49.839] [32mINFO[39m (38344): [36mrequest completed[39m
    [35mreq[39m: {
      "id": 794,
      "method": "GET",
      "url": "/api/auth/status"
    }
    [35mres[39m: {
      "statusCode": 200
    }
    [35mresponseTime[39m: 0
[18:39:55.848] [32mINFO[39m (38344): [36mrequest completed[39m
    [35mreq[39m: {
      "id": 795,
      "method": "GET",
      "url": "/api/auth/status"
    }
    [35mres[39m: {
      "statusCode": 200
    }
    [35mresponseTime[39m: 0
[18:40:01.856] [32mINFO[39m (38344): [36mrequest completed[39m
    [35mreq[39m: {
      "id": 796,
      "method": "GET",
      "url": "/api/auth/status"
    }
    [35mres[39m: {
      "statusCode": 200
    }
    [35mresponseTime[39m: 0
[18:40:07.859] [32mINFO[39m (38344): [36mrequest completed[39m
    [35mreq[39m: {
      "id": 797,
      "method": "GET",
      "url": "/api/auth/status"
    }
    [35mres[39m: {
      "statusCode": 200
    }
    [35mresponseTime[39m: 0
[18:40:14.145] [32mINFO[39m (38344): [36mrequest completed[39m
    [35mreq[39m: {
      "id": 798,
      "method": "GET",
      "url": "/api/auth/status"
    }
    [35mres[39m: {
      "statusCode": 200
    }
    [35mresponseTime[39m: 1
[18:40:14.402] [32mINFO[39m (38344): [36mrequest completed[39m
    [35mreq[39m: {
      "id": 799,
      "method": "GET",
      "url": "/api/auth/status"
    }
    [35mres[39m: {
      "statusCode": 200
    }
    [35mresponseTime[39m: 0
[18:40:21.083] [32mINFO[39m (38344): [36mrequest completed[39m
    [35mreq[39m: {
      "id": 800,
      "method": "GET",
      "url": "/api/auth/status"
    }
    [35mres[39m: {
      "statusCode": 200
    }
    [35mresponseTime[39m: 0
[18:41:13.813] [32mINFO[39m (38344): [36mrequest completed[39m
    [35mreq[39m: {
      "id": 801,
      "method": "GET",
      "url": "/api/auth/status"
    }
    [35mres[39m: {
      "statusCode": 200
    }
    [35mresponseTime[39m: 1
[18:42:13.820] [32mINFO[39m (38344): [36mrequest completed[39m
    [35mreq[39m: {
      "id": 802,
      "method": "GET",
      "url": "/api/auth/status"
    }
    [35mres[39m: {
      "statusCode": 200
    }
    [35mresponseTime[39m: 0
[18:42:46.790] [32mINFO[39m (38344): [36mrequest completed[39m
    [35mreq[39m: {
      "id": 803,
      "method": "GET",
      "url": "/api/auth/status"
    }
    [35mres[39m: {
      "statusCode": 200
    }
    [35mresponseTime[39m: 1
[18:42:49.352] [32mINFO[39m (38344): [36mrequest completed[39m
    [35mreq[39m: {
      "id": 804,
      "method": "GET",
      "url": "/api/auth/status"
    }
    [35mres[39m: {
      "statusCode": 200
    }
    [35mresponseTime[39m: 0
[18:42:49.353] [32mINFO[39m (38344): [36mrequest completed[39m
    [35mreq[39m: {
      "id": 805,
      "method": "GET",
      "url": "/api/auth/me"
    }
    [35mres[39m: {
      "statusCode": 401
    }
    [35mresponseTime[39m: 1
[18:42:49.829] [32mINFO[39m (38344): [36mrequest completed[39m
    [35mreq[39m: {
      "id": 806,
      "method": "GET",
      "url": "/api/auth/status"
    }
    [35mres[39m: {
      "statusCode": 200
    }
    [35mresponseTime[39m: 0
[18:42:49.831] [32mINFO[39m (38344): [36mrequest completed[39m
    [35mreq[39m: {
      "id": 807,
      "method": "GET",
      "url": "/api/auth/me"
    }
    [35mres[39m: {
      "statusCode": 401
    }
    [35mresponseTime[39m: 0
[18:42:55.344] [32mINFO[39m (38344): [36mrequest completed[39m
    [35mreq[39m: {
      "id": 808,
      "method": "GET",
      "url": "/api/auth/status"
    }
    [35mres[39m: {
      "statusCode": 200
    }
    [35mresponseTime[39m: 1
[18:42:55.346] [32mINFO[39m (38344): [36mrequest completed[39m
    [35mreq[39m: {
      "id": 809,
      "method": "GET",
      "url": "/api/auth/me"
    }
    [35mres[39m: {
      "statusCode": 401
    }
    [35mresponseTime[39m: 0
[18:43:02.869] [32mINFO[39m (38344): [36mrequest completed[39m
    [35mreq[39m: {
      "id": 810,
      "method": "GET",
      "url": "/api/auth/status"
    }
    [35mres[39m: {
      "statusCode": 200
    }
    [35mresponseTime[39m: 0
[18:43:02.869] [32mINFO[39m (38344): [36mrequest completed[39m
    [35mreq[39m: {
      "id": 811,
      "method": "GET",
      "url": "/api/auth/me"
    }
    [35mres[39m: {
      "statusCode": 401
    }
    [35mresponseTime[39m: 0
[18:43:07.062] [32mINFO[39m (38344): [36mrequest completed[39m
    [35mreq[39m: {
      "id": 812,
      "method": "GET",
      "url": "/api/auth/status"
    }
    [35mres[39m: {
      "statusCode": 200
    }
    [35mresponseTime[39m: 0
[18:43:08.532] [32mINFO[39m (38344): [36mrequest completed[39m
    [35mreq[39m: {
      "id": 813,
      "method": "GET",
      "url": "/api/auth/status"
    }
    [35mres[39m: {
      "statusCode": 200
    }
    [35mresponseTime[39m: 0
[18:43:08.769] [32mINFO[39m (38344): [36mrequest completed[39m
    [35mreq[39m: {
      "id": 814,
      "method": "GET",
      "url": "/api/auth/status"
    }
    [35mres[39m: {
      "statusCode": 200
    }
    [35mresponseTime[39m: 0
[18:43:08.783] [32mINFO[39m (38344): [36mrequest completed[39m
    [35mreq[39m: {
      "id": 815,
      "method": "GET",
      "url": "/api/auth/me"
    }
    [35mres[39m: {
      "statusCode": 401
    }
    [35mresponseTime[39m: 0
[18:43:09.586] [32mINFO[39m (38344): [36mrequest completed[39m
    [35mreq[39m: {
      "id": 816,
      "method": "GET",
      "url": "/api/auth/status"
    }
    [35mres[39m: {
      "statusCode": 200
    }
    [35mresponseTime[39m: 0
[18:43:14.807] [32mINFO[39m (38344): [36mrequest completed[39m
    [35mreq[39m: {
      "id": 817,
      "method": "GET",
      "url": "/api/auth/status"
    }
    [35mres[39m: {
      "statusCode": 200
    }
    [35mresponseTime[39m: 0
[18:43:15.561] [32mINFO[39m (38344): [36mrequest completed[39m
    [35mreq[39m: {
      "id": 818,
      "method": "GET",
      "url": "/api/auth/status"
    }
    [35mres[39m: {
      "statusCode": 200
    }
    [35mresponseTime[39m: 0
[18:43:20.818] [32mINFO[39m (38344): [36mrequest completed[39m
    [35mreq[39m: {
      "id": 819,
      "method": "GET",
      "url": "/api/auth/status"
    }
    [35mres[39m: {
      "statusCode": 200
    }
    [35mresponseTime[39m: 0
[18:43:21.564] [32mINFO[39m (38344): [36mrequest completed[39m
    [35mreq[39m: {
      "id": 820,
      "method": "GET",
      "url": "/api/auth/status"
    }
    [35mres[39m: {
      "statusCode": 200
    }
    [35mresponseTime[39m: 0
[18:43:26.819] [32mINFO[39m (38344): [36mrequest completed[39m
    [35mreq[39m: {
      "id": 821,
      "method": "GET",
      "url": "/api/auth/status"
    }
    [35mres[39m: {
      "statusCode": 200
    }
    [35mresponseTime[39m: 1
[18:43:27.568] [32mINFO[39m (38344): [36mrequest completed[39m
    [35mreq[39m: {
      "id": 822,
      "method": "GET",
      "url": "/api/auth/status"
    }
    [35mres[39m: {
      "statusCode": 200
    }
    [35mresponseTime[39m: 0
[18:43:32.816] [32mINFO[39m (38344): [36mrequest completed[39m
    [35mreq[39m: {
      "id": 823,
      "method": "GET",
      "url": "/api/auth/status"
    }
    [35mres[39m: {
      "statusCode": 200
    }
    [35mresponseTime[39m: 0
[18:43:33.563] [32mINFO[39m (38344): [36mrequest completed[39m
    [35mreq[39m: {
      "id": 824,
      "method": "GET",
      "url": "/api/auth/status"
    }
    [35mres[39m: {
      "statusCode": 200
    }
    [35mresponseTime[39m: 1
[18:43:39.128] [32mINFO[39m (38344): [36mrequest completed[39m
    [35mreq[39m: {
      "id": 825,
      "method": "GET",
      "url": "/api/auth/status"
    }
    [35mres[39m: {
      "statusCode": 200
    }
    [35mresponseTime[39m: 0
[18:43:39.616] [32mINFO[39m (38344): [36mrequest completed[39m
    [35mreq[39m: {
      "id": 826,
      "method": "GET",
      "url": "/api/auth/status"
    }
    [35mres[39m: {
      "statusCode": 200
    }
    [35mresponseTime[39m: 0
[18:43:44.808] [32mINFO[39m (38344): [36mrequest completed[39m
    [35mreq[39m: {
      "id": 827,
      "method": "GET",
      "url": "/api/auth/status"
    }
    [35mres[39m: {
      "statusCode": 200
    }
    [35mresponseTime[39m: 0
[18:43:46.085] [32mINFO[39m (38344): [36mrequest completed[39m
    [35mreq[39m: {
      "id": 828,
      "method": "GET",
      "url": "/api/auth/status"
    }
    [35mres[39m: {
      "statusCode": 200
    }
    [35mresponseTime[39m: 1
[18:43:51.121] [32mINFO[39m (38344): [36mrequest completed[39m
    [35mreq[39m: {
      "id": 829,
      "method": "GET",
      "url": "/api/auth/status"
    }
    [35mres[39m: {
      "statusCode": 200
    }
    [35mresponseTime[39m: 0
[18:43:53.037] [32mINFO[39m (38344): [36mrequest completed[39m
    [35mreq[39m: {
      "id": 830,
      "method": "GET",
      "url": "/api/auth/status"
    }
    [35mres[39m: {
      "statusCode": 200
    }
    [35mresponseTime[39m: 0
[18:43:56.820] [32mINFO[39m (38344): [36mrequest completed[39m
    [35mreq[39m: {
      "id": 831,
      "method": "GET",
      "url": "/api/auth/status"
    }
    [35mres[39m: {
      "statusCode": 200
    }
    [35mresponseTime[39m: 0
[18:44:03.128] [32mINFO[39m (38344): [36mrequest completed[39m
    [35mreq[39m: {
      "id": 832,
      "method": "GET",
      "url": "/api/auth/status"
    }
    [35mres[39m: {
      "statusCode": 200
    }
    [35mresponseTime[39m: 0
[18:44:08.810] [32mINFO[39m (38344): [36mrequest completed[39m
    [35mreq[39m: {
      "id": 833,
      "method": "GET",
      "url": "/api/auth/status"
    }
    [35mres[39m: {
      "statusCode": 200
    }
    [35mresponseTime[39m: 1
[18:45:09.822] [32mINFO[39m (38344): [36mrequest completed[39m
    [35mreq[39m: {
      "id": 834,
      "method": "GET",
      "url": "/api/auth/status"
    }
    [35mres[39m: {
      "statusCode": 200
    }
    [35mresponseTime[39m: 1
[18:45:21.099] [32mINFO[39m (38344): [36mrequest completed[39m
    [35mreq[39m: {
      "id": 835,
      "method": "GET",
      "url": "/api/auth/status"
    }
    [35mres[39m: {
      "statusCode": 200
    }
    [35mresponseTime[39m: 1
[18:45:22.124] [32mINFO[39m (38344): [36mrequest completed[39m
    [35mreq[39m: {
      "id": 836,
      "method": "GET",
      "url": "/api/auth/me"
    }
    [35mres[39m: {
      "statusCode": 401
    }
    [35mresponseTime[39m: 0
[18:45:22.124] [32mINFO[39m (38344): [36mrequest completed[39m
    [35mreq[39m: {
      "id": 837,
      "method": "GET",
      "url": "/api/auth/status"
    }
    [35mres[39m: {
      "statusCode": 200
    }
    [35mresponseTime[39m: 0
[18:45:23.976] [32mINFO[39m (38344): [36mrequest completed[39m
    [35mreq[39m: {
      "id": 838,
      "method": "GET",
      "url": "/api/auth/status"
    }
    [35mres[39m: {
      "statusCode": 200
    }
    [35mresponseTime[39m: 0
[18:45:23.976] [32mINFO[39m (38344): [36mrequest completed[39m
    [35mreq[39m: {
      "id": 839,
      "method": "GET",
      "url": "/api/auth/me"
    }
    [35mres[39m: {
      "statusCode": 401
    }
    [35mresponseTime[39m: 0
[18:45:25.044] [32mINFO[39m (38344): [36mrequest completed[39m
    [35mreq[39m: {
      "id": 840,
      "method": "GET",
      "url": "/api/auth/status"
    }
    [35mres[39m: {
      "statusCode": 200
    }
    [35mresponseTime[39m: 0
[18:45:25.044] [32mINFO[39m (38344): [36mrequest completed[39m
    [35mreq[39m: {
      "id": 841,
      "method": "GET",
      "url": "/api/auth/me"
    }
    [35mres[39m: {
      "statusCode": 401
    }
    [35mresponseTime[39m: 0
[18:45:25.756] [32mINFO[39m (38344): [36mrequest completed[39m
    [35mreq[39m: {
      "id": 842,
      "method": "GET",
      "url": "/api/auth/me"
    }
    [35mres[39m: {
      "statusCode": 401
    }
    [35mresponseTime[39m: 1
[18:45:25.756] [32mINFO[39m (38344): [36mrequest completed[39m
    [35mreq[39m: {
      "id": 843,
      "method": "GET",
      "url": "/api/auth/status"
    }
    [35mres[39m: {
      "statusCode": 200
    }
    [35mresponseTime[39m: 0
[18:45:30.890] [32mINFO[39m (38344): [36mrequest completed[39m
    [35mreq[39m: {
      "id": 844,
      "method": "GET",
      "url": "/api/auth/status"
    }
    [35mres[39m: {
      "statusCode": 200
    }
    [35mresponseTime[39m: 0
[18:45:30.890] [32mINFO[39m (38344): [36mrequest completed[39m
    [35mreq[39m: {
      "id": 845,
      "method": "GET",
      "url": "/api/auth/me"
    }
    [35mres[39m: {
      "statusCode": 401
    }
    [35mresponseTime[39m: 0
[18:45:35.051] [32mINFO[39m (38344): [36mrequest completed[39m
    [35mreq[39m: {
      "id": 846,
      "method": "GET",
      "url": "/api/auth/status"
    }
    [35mres[39m: {
      "statusCode": 200
    }
    [35mresponseTime[39m: 0
[18:45:36.027] [32mINFO[39m (38344): [36mrequest completed[39m
    [35mreq[39m: {
      "id": 847,
      "method": "GET",
      "url": "/api/auth/status"
    }
    [35mres[39m: {
      "statusCode": 200
    }
    [35mresponseTime[39m: 0
[18:45:36.028] [32mINFO[39m (38344): [36mrequest completed[39m
    [35mreq[39m: {
      "id": 848,
      "method": "GET",
      "url": "/api/auth/me"
    }
    [35mres[39m: {
      "statusCode": 401
    }
    [35mresponseTime[39m: 0
[18:45:36.890] [32mINFO[39m (38344): [36mrequest completed[39m
    [35mreq[39m: {
      "id": 849,
      "method": "GET",
      "url": "/api/auth/status"
    }
    [35mres[39m: {
      "statusCode": 200
    }
    [35mresponseTime[39m: 0
[18:45:42.146] [32mINFO[39m (38344): [36mrequest completed[39m
    [35mreq[39m: {
      "id": 850,
      "method": "GET",
      "url": "/api/auth/status"
    }
    [35mres[39m: {
      "statusCode": 200
    }
    [35mresponseTime[39m: 0
[18:45:42.147] [32mINFO[39m (38344): [36mrequest completed[39m
    [35mreq[39m: {
      "id": 851,
      "method": "GET",
      "url": "/api/auth/me"
    }
    [35mres[39m: {
      "statusCode": 401
    }
    [35mresponseTime[39m: 0
[18:45:42.890] [32mINFO[39m (38344): [36mrequest completed[39m
    [35mreq[39m: {
      "id": 852,
      "method": "GET",
      "url": "/api/auth/status"
    }
    [35mres[39m: {
      "statusCode": 200
    }
    [35mresponseTime[39m: 1
[18:45:48.247] [32mINFO[39m (38344): [36mrequest completed[39m
    [35mreq[39m: {
      "id": 853,
      "method": "GET",
      "url": "/api/auth/status"
    }
    [35mres[39m: {
      "statusCode": 200
    }
    [35mresponseTime[39m: 0
[18:45:49.808] [32mINFO[39m (38344): [36mrequest completed[39m
    [35mreq[39m: {
      "id": 854,
      "method": "GET",
      "url": "/api/auth/status"
    }
    [35mres[39m: {
      "statusCode": 200
    }
    [35mresponseTime[39m: 0
[18:45:54.254] [32mINFO[39m (38344): [36mrequest completed[39m
    [35mreq[39m: {
      "id": 855,
      "method": "GET",
      "url": "/api/auth/status"
    }
    [35mres[39m: {
      "statusCode": 200
    }
    [35mresponseTime[39m: 0
[18:45:56.119] [32mINFO[39m (38344): [36mrequest completed[39m
    [35mreq[39m: {
      "id": 856,
      "method": "GET",
      "url": "/api/auth/status"
    }
    [35mres[39m: {
      "statusCode": 200
    }
    [35mresponseTime[39m: 0
[18:46:00.244] [32mINFO[39m (38344): [36mrequest completed[39m
    [35mreq[39m: {
      "id": 857,
      "method": "GET",
      "url": "/api/auth/status"
    }
    [35mres[39m: {
      "statusCode": 200
    }
    [35mresponseTime[39m: 1
[18:46:01.808] [32mINFO[39m (38344): [36mrequest completed[39m
    [35mreq[39m: {
      "id": 858,
      "method": "GET",
      "url": "/api/auth/status"
    }
    [35mres[39m: {
      "statusCode": 200
    }
    [35mresponseTime[39m: 1
[18:46:06.246] [32mINFO[39m (38344): [36mrequest completed[39m
    [35mreq[39m: {
      "id": 859,
      "method": "GET",
      "url": "/api/auth/status"
    }
    [35mres[39m: {
      "statusCode": 200
    }
    [35mresponseTime[39m: 0
[18:46:08.121] [32mINFO[39m (38344): [36mrequest completed[39m
    [35mreq[39m: {
      "id": 860,
      "method": "GET",
      "url": "/api/auth/status"
    }
    [35mres[39m: {
      "statusCode": 200
    }
    [35mresponseTime[39m: 0
[18:46:12.248] [32mINFO[39m (38344): [36mrequest completed[39m
    [35mreq[39m: {
      "id": 861,
      "method": "GET",
      "url": "/api/auth/status"
    }
    [35mres[39m: {
      "statusCode": 200
    }
    [35mresponseTime[39m: 0
[18:46:13.821] [32mINFO[39m (38344): [36mrequest completed[39m
    [35mreq[39m: {
      "id": 862,
      "method": "GET",
      "url": "/api/auth/status"
    }
    [35mres[39m: {
      "statusCode": 200
    }
    [35mresponseTime[39m: 0
[18:46:18.262] [32mINFO[39m (38344): [36mrequest completed[39m
    [35mreq[39m: {
      "id": 863,
      "method": "GET",
      "url": "/api/auth/status"
    }
    [35mres[39m: {
      "statusCode": 200
    }
    [35mresponseTime[39m: 0
[18:46:20.125] [32mINFO[39m (38344): [36mrequest completed[39m
    [35mreq[39m: {
      "id": 864,
      "method": "GET",
      "url": "/api/auth/status"
    }
    [35mres[39m: {
      "statusCode": 200
    }
    [35mresponseTime[39m: 1
[18:46:24.997] [32mINFO[39m (38344): [36mrequest completed[39m
    [35mreq[39m: {
      "id": 865,
      "method": "GET",
      "url": "/api/auth/status"
    }
    [35mres[39m: {
      "statusCode": 200
    }
    [35mresponseTime[39m: 1
[18:46:25.810] [32mINFO[39m (38344): [36mrequest completed[39m
    [35mreq[39m: {
      "id": 866,
      "method": "GET",
      "url": "/api/auth/status"
    }
    [35mres[39m: {
      "statusCode": 200
    }
    [35mresponseTime[39m: 0
[18:46:31.810] [32mINFO[39m (38344): [36mrequest completed[39m
    [35mreq[39m: {
      "id": 867,
      "method": "GET",
      "url": "/api/auth/status"
    }
    [35mres[39m: {
      "statusCode": 200
    }
    [35mresponseTime[39m: 0
[18:46:32.051] [32mINFO[39m (38344): [36mrequest completed[39m
    [35mreq[39m: {
      "id": 868,
      "method": "GET",
      "url": "/api/auth/status"
    }
    [35mres[39m: {
      "statusCode": 200
    }
    [35mresponseTime[39m: 0
[18:46:37.806] [32mINFO[39m (38344): [36mrequest completed[39m
    [35mreq[39m: {
      "id": 869,
      "method": "GET",
      "url": "/api/auth/status"
    }
    [35mres[39m: {
      "statusCode": 200
    }
    [35mresponseTime[39m: 0
[18:46:39.108] [32mINFO[39m (38344): [36mrequest completed[39m
    [35mreq[39m: {
      "id": 870,
      "method": "GET",
      "url": "/api/auth/status"
    }
    [35mres[39m: {
      "statusCode": 200
    }
    [35mresponseTime[39m: 0
[18:46:44.121] [32mINFO[39m (38344): [36mrequest completed[39m
    [35mreq[39m: {
      "id": 871,
      "method": "GET",
      "url": "/api/auth/status"
    }
    [35mres[39m: {
      "statusCode": 200
    }
    [35mresponseTime[39m: 0
[18:47:14.116] [32mINFO[39m (38344): [36mrequest completed[39m
    [35mreq[39m: {
      "id": 872,
      "method": "GET",
      "url": "/api/auth/status"
    }
    [35mres[39m: {
      "statusCode": 200
    }
    [35mresponseTime[39m: 0
[18:47:18.279] [32mINFO[39m (38344): [36mrequest completed[39m
    [35mreq[39m: {
      "id": 873,
      "method": "GET",
      "url": "/api/auth/status"
    }
    [35mres[39m: {
      "statusCode": 200
    }
    [35mresponseTime[39m: 1
[18:47:18.402] [32mINFO[39m (38344): [36mrequest completed[39m
    [35mreq[39m: {
      "id": 874,
      "method": "GET",
      "url": "/api/auth/me"
    }
    [35mres[39m: {
      "statusCode": 401
    }
    [35mresponseTime[39m: 0
[18:47:22.862] [32mINFO[39m (38344): [36mrequest completed[39m
    [35mreq[39m: {
      "id": 875,
      "method": "GET",
      "url": "/api/auth/status"
    }
    [35mres[39m: {
      "statusCode": 200
    }
    [35mresponseTime[39m: 0
[18:47:24.038] [32mINFO[39m (38344): [36mrequest completed[39m
    [35mreq[39m: {
      "id": 876,
      "method": "GET",
      "url": "/api/auth/status"
    }
    [35mres[39m: {
      "statusCode": 200
    }
    [35mresponseTime[39m: 0
[18:47:24.040] [32mINFO[39m (38344): [36mrequest completed[39m
    [35mreq[39m: {
      "id": 877,
      "method": "GET",
      "url": "/api/auth/me"
    }
    [35mres[39m: {
      "statusCode": 401
    }
    [35mresponseTime[39m: 1
[18:47:24.283] [32mINFO[39m (38344): [36mrequest completed[39m
    [35mreq[39m: {
      "id": 878,
      "method": "GET",
      "url": "/api/auth/status"
    }
    [35mres[39m: {
      "statusCode": 200
    }
    [35mresponseTime[39m: 0
[18:47:24.423] [32mINFO[39m (38344): [36mrequest completed[39m
    [35mreq[39m: {
      "id": 879,
      "method": "GET",
      "url": "/api/auth/status"
    }
    [35mres[39m: {
      "statusCode": 200
    }
    [35mresponseTime[39m: 0
[18:47:24.423] [32mINFO[39m (38344): [36mrequest completed[39m
    [35mreq[39m: {
      "id": 880,
      "method": "GET",
      "url": "/api/auth/me"
    }
    [35mres[39m: {
      "statusCode": 401
    }
    [35mresponseTime[39m: 0
[18:47:30.284] [32mINFO[39m (38344): [36mrequest completed[39m
    [35mreq[39m: {
      "id": 881,
      "method": "GET",
      "url": "/api/auth/status"
    }
    [35mres[39m: {
      "statusCode": 200
    }
    [35mresponseTime[39m: 1
[18:47:30.913] [32mINFO[39m (38344): [36mrequest completed[39m
    [35mreq[39m: {
      "id": 882,
      "method": "GET",
      "url": "/api/auth/status"
    }
    [35mres[39m: {
      "statusCode": 200
    }
    [35mresponseTime[39m: 1
[18:47:36.284] [32mINFO[39m (38344): [36mrequest completed[39m
    [35mreq[39m: {
      "id": 883,
      "method": "GET",
      "url": "/api/auth/status"
    }
    [35mres[39m: {
      "statusCode": 200
    }
    [35mresponseTime[39m: 1
[18:47:37.693] [32mINFO[39m (38344): [36mrequest completed[39m
    [35mreq[39m: {
      "id": 884,
      "method": "GET",
      "url": "/api/auth/status"
    }
    [35mres[39m: {
      "statusCode": 200
    }
    [35mresponseTime[39m: 0
[18:47:42.588] [32mINFO[39m (38344): [36mrequest completed[39m
    [35mreq[39m: {
      "id": 885,
      "method": "GET",
      "url": "/api/auth/status"
    }
    [35mres[39m: {
      "statusCode": 200
    }
    [35mresponseTime[39m: 0
[18:47:43.694] [32mINFO[39m (38344): [36mrequest completed[39m
    [35mreq[39m: {
      "id": 886,
      "method": "GET",
      "url": "/api/auth/status"
    }
    [35mres[39m: {
      "statusCode": 200
    }
    [35mresponseTime[39m: 1
[18:47:48.815] [32mINFO[39m (38344): [36mrequest completed[39m
    [35mreq[39m: {
      "id": 887,
      "method": "GET",
      "url": "/api/auth/status"
    }
    [35mres[39m: {
      "statusCode": 200
    }
    [35mresponseTime[39m: 1
[18:47:49.695] [32mINFO[39m (38344): [36mrequest completed[39m
    [35mreq[39m: {
      "id": 888,
      "method": "GET",
      "url": "/api/auth/status"
    }
    [35mres[39m: {
      "statusCode": 200
    }
    [35mresponseTime[39m: 0
[18:47:55.125] [32mINFO[39m (38344): [36mrequest completed[39m
    [35mreq[39m: {
      "id": 889,
      "method": "GET",
      "url": "/api/auth/status"
    }
    [35mres[39m: {
      "statusCode": 200
    }
    [35mresponseTime[39m: 0
[18:47:55.707] [32mINFO[39m (38344): [36mrequest completed[39m
    [35mreq[39m: {
      "id": 890,
      "method": "GET",
      "url": "/api/auth/status"
    }
    [35mres[39m: {
      "statusCode": 200
    }
    [35mresponseTime[39m: 0
[18:48:00.814] [32mINFO[39m (38344): [36mrequest completed[39m
    [35mreq[39m: {
      "id": 891,
      "method": "GET",
      "url": "/api/auth/status"
    }
    [35mres[39m: {
      "statusCode": 200
    }
    [35mresponseTime[39m: 0
[18:48:01.952] [32mINFO[39m (38344): [36mrequest completed[39m
    [35mreq[39m: {
      "id": 892,
      "method": "GET",
      "url": "/api/auth/status"
    }
    [35mres[39m: {
      "statusCode": 200
    }
    [35mresponseTime[39m: 0
[18:48:07.124] [32mINFO[39m (38344): [36mrequest completed[39m
    [35mreq[39m: {
      "id": 893,
      "method": "GET",
      "url": "/api/auth/status"
    }
    [35mres[39m: {
      "statusCode": 200
    }
    [35mresponseTime[39m: 0
[18:48:09.089] [32mINFO[39m (38344): [36mrequest completed[39m
    [35mreq[39m: {
      "id": 894,
      "method": "GET",
      "url": "/api/auth/status"
    }
    [35mres[39m: {
      "statusCode": 200
    }
    [35mresponseTime[39m: 0
[18:48:12.813] [32mINFO[39m (38344): [36mrequest completed[39m
    [35mreq[39m: {
      "id": 895,
      "method": "GET",
      "url": "/api/auth/status"
    }
    [35mres[39m: {
      "statusCode": 200
    }
    [35mresponseTime[39m: 0
[18:48:16.116] [32mINFO[39m (38344): [36mrequest completed[39m
    [35mreq[39m: {
      "id": 896,
      "method": "GET",
      "url": "/api/auth/status"
    }
    [35mres[39m: {
      "statusCode": 200
    }
    [35mresponseTime[39m: 0
[18:48:19.124] [32mINFO[39m (38344): [36mrequest completed[39m
    [35mreq[39m: {
      "id": 897,
      "method": "GET",
      "url": "/api/auth/status"
    }
    [35mres[39m: {
      "statusCode": 200
    }
    [35mresponseTime[39m: 0
[18:48:24.818] [32mINFO[39m (38344): [36mrequest completed[39m
    [35mreq[39m: {
      "id": 898,
      "method": "GET",
      "url": "/api/auth/status"
    }
    [35mres[39m: {
      "statusCode": 200
    }
    [35mresponseTime[39m: 0
[18:48:31.124] [32mINFO[39m (38344): [36mrequest completed[39m
    [35mreq[39m: {
      "id": 899,
      "method": "GET",
      "url": "/api/auth/status"
    }
    [35mres[39m: {
      "statusCode": 200
    }
    [35mresponseTime[39m: 1
[18:48:36.814] [32mINFO[39m (38344): [36mrequest completed[39m
    [35mreq[39m: {
      "id": 900,
      "method": "GET",
      "url": "/api/auth/status"
    }
    [35mres[39m: {
      "statusCode": 200
    }
    [35mresponseTime[39m: 1
[18:48:43.123] [32mINFO[39m (38344): [36mrequest completed[39m
    [35mreq[39m: {
      "id": 901,
      "method": "GET",
      "url": "/api/auth/status"
    }
    [35mres[39m: {
      "statusCode": 200
    }
    [35mresponseTime[39m: 0
[18:49:13.820] [32mINFO[39m (38344): [36mrequest completed[39m
    [35mreq[39m: {
      "id": 902,
      "method": "GET",
      "url": "/api/auth/status"
    }
    [35mres[39m: {
      "statusCode": 200
    }
    [35mresponseTime[39m: 1
[18:49:48.352] [32mINFO[39m (38344): [36mrequest completed[39m
    [35mreq[39m: {
      "id": 903,
      "method": "GET",
      "url": "/api/auth/status"
    }
    [35mres[39m: {
      "statusCode": 200
    }
    [35mresponseTime[39m: 0
[18:49:49.065] [32mINFO[39m (38344): [36mrequest completed[39m
    [35mreq[39m: {
      "id": 904,
      "method": "GET",
      "url": "/api/auth/status"
    }
    [35mres[39m: {
      "statusCode": 200
    }
    [35mresponseTime[39m: 0
[18:49:49.222] [32mINFO[39m (38344): [36mrequest completed[39m
    [35mreq[39m: {
      "id": 905,
      "method": "GET",
      "url": "/api/auth/me"
    }
    [35mres[39m: {
      "statusCode": 401
    }
    [35mresponseTime[39m: 1
[18:49:55.066] [32mINFO[39m (38344): [36mrequest completed[39m
    [35mreq[39m: {
      "id": 906,
      "method": "GET",
      "url": "/api/auth/status"
    }
    [35mres[39m: {
      "statusCode": 200
    }
    [35mresponseTime[39m: 0
[18:49:57.006] [32mINFO[39m (38344): [36mrequest completed[39m
    [35mreq[39m: {
      "id": 907,
      "method": "GET",
      "url": "/api/auth/status"
    }
    [35mres[39m: {
      "statusCode": 200
    }
    [35mresponseTime[39m: 1
[18:49:57.006] [32mINFO[39m (38344): [36mrequest completed[39m
    [35mreq[39m: {
      "id": 908,
      "method": "GET",
      "url": "/api/auth/me"
    }
    [35mres[39m: {
      "statusCode": 401
    }
    [35mresponseTime[39m: 0
[18:50:03.819] [32mINFO[39m (38344): [36mrequest completed[39m
    [35mreq[39m: {
      "id": 909,
      "method": "GET",
      "url": "/api/auth/status"
    }
    [35mres[39m: {
      "statusCode": 200
    }
    [35mresponseTime[39m: 0
[18:50:09.809] [32mINFO[39m (38344): [36mrequest completed[39m
    [35mreq[39m: {
      "id": 910,
      "method": "GET",
      "url": "/api/auth/status"
    }
    [35mres[39m: {
      "statusCode": 200
    }
    [35mresponseTime[39m: 0
[18:50:15.806] [32mINFO[39m (38344): [36mrequest completed[39m
    [35mreq[39m: {
      "id": 911,
      "method": "GET",
      "url": "/api/auth/status"
    }
    [35mres[39m: {
      "statusCode": 200
    }
    [35mresponseTime[39m: 0
[18:50:21.813] [32mINFO[39m (38344): [36mrequest completed[39m
    [35mreq[39m: {
      "id": 912,
      "method": "GET",
      "url": "/api/auth/status"
    }
    [35mres[39m: {
      "statusCode": 200
    }
    [35mresponseTime[39m: 0
[18:50:28.127] [32mINFO[39m (38344): [36mrequest completed[39m
    [35mreq[39m: {
      "id": 913,
      "method": "GET",
      "url": "/api/auth/status"
    }
    [35mres[39m: {
      "statusCode": 200
    }
    [35mresponseTime[39m: 0
[18:50:33.812] [32mINFO[39m (38344): [36mrequest completed[39m
    [35mreq[39m: {
      "id": 914,
      "method": "GET",
      "url": "/api/auth/status"
    }
    [35mres[39m: {
      "statusCode": 200
    }
    [35mresponseTime[39m: 0
[18:50:40.125] [32mINFO[39m (38344): [36mrequest completed[39m
    [35mreq[39m: {
      "id": 915,
      "method": "GET",
      "url": "/api/auth/status"
    }
    [35mres[39m: {
      "statusCode": 200
    }
    [35mresponseTime[39m: 0
[18:50:45.806] [32mINFO[39m (38344): [36mrequest completed[39m
    [35mreq[39m: {
      "id": 916,
      "method": "GET",
      "url": "/api/auth/status"
    }
    [35mres[39m: {
      "statusCode": 200
    }
    [35mresponseTime[39m: 0
[18:50:52.129] [32mINFO[39m (38344): [36mrequest completed[39m
    [35mreq[39m: {
      "id": 917,
      "method": "GET",
      "url": "/api/auth/status"
    }
    [35mres[39m: {
      "statusCode": 200
    }
    [35mresponseTime[39m: 1
[18:50:57.814] [32mINFO[39m (38344): [36mrequest completed[39m
    [35mreq[39m: {
      "id": 918,
      "method": "GET",
      "url": "/api/auth/status"
    }
    [35mres[39m: {
      "statusCode": 200
    }
    [35mresponseTime[39m: 0
[18:51:14.130] [32mINFO[39m (38344): [36mrequest completed[39m
    [35mreq[39m: {
      "id": 919,
      "method": "GET",
      "url": "/api/auth/status"
    }
    [35mres[39m: {
      "statusCode": 200
    }
    [35mresponseTime[39m: 0
[18:52:13.823] [32mINFO[39m (38344): [36mrequest completed[39m
    [35mreq[39m: {
      "id": 920,
      "method": "GET",
      "url": "/api/auth/status"
    }
    [35mres[39m: {
      "statusCode": 200
    }
    [35mresponseTime[39m: 0
[18:52:34.089] [32mINFO[39m (38344): [36mrequest completed[39m
    [35mreq[39m: {
      "id": 921,
      "method": "GET",
      "url": "/api/auth/status"
    }
    [35mres[39m: {
      "statusCode": 200
    }
    [35mresponseTime[39m: 1
[18:52:37.018] [32mINFO[39m (38344): [36mrequest completed[39m
    [35mreq[39m: {
      "id": 922,
      "method": "GET",
      "url": "/api/auth/status"
    }
    [35mres[39m: {
      "statusCode": 200
    }
    [35mresponseTime[39m: 1
[18:52:43.806] [32mINFO[39m (38344): [36mrequest completed[39m
    [35mreq[39m: {
      "id": 923,
      "method": "GET",
      "url": "/api/auth/status"
    }
    [35mres[39m: {
      "statusCode": 200
    }
    [35mresponseTime[39m: 0
[18:52:50.130] [32mINFO[39m (38344): [36mrequest completed[39m
    [35mreq[39m: {
      "id": 924,
      "method": "GET",
      "url": "/api/auth/status"
    }
    [35mres[39m: {
      "statusCode": 200
    }
    [35mresponseTime[39m: 0
[18:52:55.818] [32mINFO[39m (38344): [36mrequest completed[39m
    [35mreq[39m: {
      "id": 925,
      "method": "GET",
      "url": "/api/auth/status"
    }
    [35mres[39m: {
      "statusCode": 200
    }
    [35mresponseTime[39m: 0
[18:53:02.128] [32mINFO[39m (38344): [36mrequest completed[39m
    [35mreq[39m: {
      "id": 926,
      "method": "GET",
      "url": "/api/auth/status"
    }
    [35mres[39m: {
      "statusCode": 200
    }
    [35mresponseTime[39m: 0
[18:53:07.820] [32mINFO[39m (38344): [36mrequest completed[39m
    [35mreq[39m: {
      "id": 927,
      "method": "GET",
      "url": "/api/auth/status"
    }
    [35mres[39m: {
      "statusCode": 200
    }
    [35mresponseTime[39m: 0
[18:53:14.122] [32mINFO[39m (38344): [36mrequest completed[39m
    [35mreq[39m: {
      "id": 928,
      "method": "GET",
      "url": "/api/auth/status"
    }
    [35mres[39m: {
      "statusCode": 200
    }
    [35mresponseTime[39m: 0
[18:53:19.820] [32mINFO[39m (38344): [36mrequest completed[39m
    [35mreq[39m: {
      "id": 929,
      "method": "GET",
      "url": "/api/auth/status"
    }
    [35mres[39m: {
      "statusCode": 200
    }
    [35mresponseTime[39m: 0
[18:53:26.126] [32mINFO[39m (38344): [36mrequest completed[39m
    [35mreq[39m: {
      "id": 930,
      "method": "GET",
      "url": "/api/auth/status"
    }
    [35mres[39m: {
      "statusCode": 200
    }
    [35mresponseTime[39m: 1
[18:53:31.816] [32mINFO[39m (38344): [36mrequest completed[39m
    [35mreq[39m: {
      "id": 931,
      "method": "GET",
      "url": "/api/auth/status"
    }
    [35mres[39m: {
      "statusCode": 200
    }
    [35mresponseTime[39m: 0
[18:53:38.128] [32mINFO[39m (38344): [36mrequest completed[39m
    [35mreq[39m: {
      "id": 932,
      "method": "GET",
      "url": "/api/auth/status"
    }
    [35mres[39m: {
      "statusCode": 200
    }
    [35mresponseTime[39m: 1
[18:53:43.806] [32mINFO[39m (38344): [36mrequest completed[39m
    [35mreq[39m: {
      "id": 933,
      "method": "GET",
      "url": "/api/auth/status"
    }
    [35mres[39m: {
      "statusCode": 200
    }
    [35mresponseTime[39m: 1
[18:53:50.121] [32mINFO[39m (38344): [36mrequest completed[39m
    [35mreq[39m: {
      "id": 934,
      "method": "GET",
      "url": "/api/auth/status"
    }
    [35mres[39m: {
      "statusCode": 200
    }
    [35mresponseTime[39m: 0
[18:53:55.810] [32mINFO[39m (38344): [36mrequest completed[39m
    [35mreq[39m: {
      "id": 935,
      "method": "GET",
      "url": "/api/auth/status"
    }
    [35mres[39m: {
      "statusCode": 200
    }
    [35mresponseTime[39m: 0
[18:54:01.808] [32mINFO[39m (38344): [36mrequest completed[39m
    [35mreq[39m: {
      "id": 936,
      "method": "GET",
      "url": "/api/auth/status"
    }
    [35mres[39m: {
      "statusCode": 200
    }
    [35mresponseTime[39m: 0
[18:54:07.808] [32mINFO[39m (38344): [36mrequest completed[39m
    [35mreq[39m: {
      "id": 937,
      "method": "GET",
      "url": "/api/auth/status"
    }
    [35mres[39m: {
      "statusCode": 200
    }
    [35mresponseTime[39m: 0
[18:54:14.127] [32mINFO[39m (38344): [36mrequest completed[39m
    [35mreq[39m: {
      "id": 938,
      "method": "GET",
      "url": "/api/auth/status"
    }
    [35mres[39m: {
      "statusCode": 200
    }
    [35mresponseTime[39m: 1
[18:54:19.819] [32mINFO[39m (38344): [36mrequest completed[39m
    [35mreq[39m: {
      "id": 939,
      "method": "GET",
      "url": "/api/auth/status"
    }
    [35mres[39m: {
      "statusCode": 200
    }
    [35mresponseTime[39m: 0
[18:54:26.128] [32mINFO[39m (38344): [36mrequest completed[39m
    [35mreq[39m: {
      "id": 940,
      "method": "GET",
      "url": "/api/auth/status"
    }
    [35mres[39m: {
      "statusCode": 200
    }
    [35mresponseTime[39m: 0
[18:54:31.810] [32mINFO[39m (38344): [36mrequest completed[39m
    [35mreq[39m: {
      "id": 941,
      "method": "GET",
      "url": "/api/auth/status"
    }
    [35mres[39m: {
      "statusCode": 200
    }
    [35mresponseTime[39m: 0
[18:54:38.122] [32mINFO[39m (38344): [36mrequest completed[39m
    [35mreq[39m: {
      "id": 942,
      "method": "GET",
      "url": "/api/auth/status"
    }
    [35mres[39m: {
      "statusCode": 200
    }
    [35mresponseTime[39m: 1
[18:54:43.814] [32mINFO[39m (38344): [36mrequest completed[39m
    [35mreq[39m: {
      "id": 943,
      "method": "GET",
      "url": "/api/auth/status"
    }
    [35mres[39m: {
      "statusCode": 200
    }
    [35mresponseTime[39m: 0
[18:54:57.181] [32mINFO[39m (38344): [36mrequest completed[39m
    [35mreq[39m: {
      "id": 944,
      "method": "GET",
      "url": "/api/auth/status"
    }
    [35mres[39m: {
      "statusCode": 200
    }
    [35mresponseTime[39m: 0
[18:55:01.019] [32mINFO[39m (38344): [36mrequest completed[39m
    [35mreq[39m: {
      "id": 945,
      "method": "GET",
      "url": "/api/auth/status"
    }
    [35mres[39m: {
      "statusCode": 200
    }
    [35mresponseTime[39m: 0
[18:55:07.328] [32mINFO[39m (38344): [36mrequest completed[39m
    [35mreq[39m: {
      "id": 946,
      "method": "GET",
      "url": "/api/auth/status"
    }
    [35mres[39m: {
      "statusCode": 200
    }
    [35mresponseTime[39m: 0
[18:55:13.812] [32mINFO[39m (38344): [36mrequest completed[39m
    [35mreq[39m: {
      "id": 947,
      "method": "GET",
      "url": "/api/auth/status"
    }
    [35mres[39m: {
      "statusCode": 200
    }
    [35mresponseTime[39m: 0
[18:55:20.122] [32mINFO[39m (38344): [36mrequest completed[39m
    [35mreq[39m: {
      "id": 948,
      "method": "GET",
      "url": "/api/auth/status"
    }
    [35mres[39m: {
      "statusCode": 200
    }
    [35mresponseTime[39m: 1
[18:55:25.023] [32mINFO[39m (38344): [36mrequest completed[39m
    [35mreq[39m: {
      "id": 949,
      "method": "GET",
      "url": "/api/auth/status"
    }
    [35mres[39m: {
      "statusCode": 200
    }
    [35mresponseTime[39m: 1
[18:55:31.332] [32mINFO[39m (38344): [36mrequest completed[39m
    [35mreq[39m: {
      "id": 950,
      "method": "GET",
      "url": "/api/auth/status"
    }
    [35mres[39m: {
      "statusCode": 200
    }
    [35mresponseTime[39m: 0
[18:55:37.814] [32mINFO[39m (38344): [36mrequest completed[39m
    [35mreq[39m: {
      "id": 951,
      "method": "GET",
      "url": "/api/auth/status"
    }
    [35mres[39m: {
      "statusCode": 200
    }
    [35mresponseTime[39m: 1
[18:55:44.115] [32mINFO[39m (38344): [36mrequest completed[39m
    [35mreq[39m: {
      "id": 952,
      "method": "GET",
      "url": "/api/auth/status"
    }
    [35mres[39m: {
      "statusCode": 200
    }
    [35mresponseTime[39m: 0
[18:55:49.805] [32mINFO[39m (38344): [36mrequest completed[39m
    [35mreq[39m: {
      "id": 953,
      "method": "GET",
      "url": "/api/auth/status"
    }
    [35mres[39m: {
      "statusCode": 200
    }
    [35mresponseTime[39m: 0
[18:55:56.130] [32mINFO[39m (38344): [36mrequest completed[39m
    [35mreq[39m: {
      "id": 954,
      "method": "GET",
      "url": "/api/auth/status"
    }
    [35mres[39m: {
      "statusCode": 200
    }
    [35mresponseTime[39m: 0
[18:56:01.811] [32mINFO[39m (38344): [36mrequest completed[39m
    [35mreq[39m: {
      "id": 955,
      "method": "GET",
      "url": "/api/auth/status"
    }
    [35mres[39m: {
      "statusCode": 200
    }
    [35mresponseTime[39m: 0
[18:56:08.120] [32mINFO[39m (38344): [36mrequest completed[39m
    [35mreq[39m: {
      "id": 956,
      "method": "GET",
      "url": "/api/auth/status"
    }
    [35mres[39m: {
      "statusCode": 200
    }
    [35mresponseTime[39m: 0
[18:56:13.806] [32mINFO[39m (38344): [36mrequest completed[39m
    [35mreq[39m: {
      "id": 957,
      "method": "GET",
      "url": "/api/auth/status"
    }
    [35mres[39m: {
      "statusCode": 200
    }
    [35mresponseTime[39m: 0
[18:56:20.131] [32mINFO[39m (38344): [36mrequest completed[39m
    [35mreq[39m: {
      "id": 958,
      "method": "GET",
      "url": "/api/auth/status"
    }
    [35mres[39m: {
      "statusCode": 200
    }
    [35mresponseTime[39m: 1
[18:56:25.808] [32mINFO[39m (38344): [36mrequest completed[39m
    [35mreq[39m: {
      "id": 959,
      "method": "GET",
      "url": "/api/auth/status"
    }
    [35mres[39m: {
      "statusCode": 200
    }
    [35mresponseTime[39m: 0
[18:56:37.847] [32mINFO[39m (38344): [36mrequest completed[39m
    [35mreq[39m: {
      "id": 960,
      "method": "GET",
      "url": "/api/auth/status"
    }
    [35mres[39m: {
      "statusCode": 200
    }
    [35mresponseTime[39m: 0
[18:56:43.332] [32mINFO[39m (38344): [36mrequest completed[39m
    [35mreq[39m: {
      "id": 961,
      "method": "GET",
      "url": "/api/auth/status"
    }
    [35mres[39m: {
      "statusCode": 200
    }
    [35mresponseTime[39m: 0
[18:56:49.025] [32mINFO[39m (38344): [36mrequest completed[39m
    [35mreq[39m: {
      "id": 962,
      "method": "GET",
      "url": "/api/auth/status"
    }
    [35mres[39m: {
      "statusCode": 200
    }
    [35mresponseTime[39m: 1
[18:56:55.339] [32mINFO[39m (38344): [36mrequest completed[39m
    [35mreq[39m: {
      "id": 963,
      "method": "GET",
      "url": "/api/auth/status"
    }
    [35mres[39m: {
      "statusCode": 200
    }
    [35mresponseTime[39m: 0
[18:56:55.592] [32mINFO[39m (38344): [36mrequest completed[39m
    [35mreq[39m: {
      "id": 964,
      "method": "GET",
      "url": "/api/auth/status"
    }
    [35mres[39m: {
      "statusCode": 200
    }
    [35mresponseTime[39m: 0
[18:56:59.907] [32mINFO[39m (38344): [36mrequest completed[39m
    [35mreq[39m: {
      "id": 965,
      "method": "GET",
      "url": "/api/auth/status"
    }
    [35mres[39m: {
      "statusCode": 200
    }
    [35mresponseTime[39m: 0
[18:57:02.583] [32mINFO[39m (38344): [36mrequest completed[39m
    [35mreq[39m: {
      "id": 966,
      "method": "GET",
      "url": "/api/auth/status"
    }
    [35mres[39m: {
      "statusCode": 200
    }
    [35mresponseTime[39m: 0
[18:57:02.592] [32mINFO[39m (38344): [36mrequest completed[39m
    [35mreq[39m: {
      "id": 967,
      "method": "GET",
      "url": "/api/auth/me"
    }
    [35mres[39m: {
      "statusCode": 401
    }
    [35mresponseTime[39m: 1
[18:57:08.587] [32mINFO[39m (38344): [36mrequest completed[39m
    [35mreq[39m: {
      "id": 968,
      "method": "GET",
      "url": "/api/auth/status"
    }
    [35mres[39m: {
      "statusCode": 200
    }
    [35mresponseTime[39m: 0
[18:57:12.909] [32mINFO[39m (38344): [36mrequest completed[39m
    [35mreq[39m: {
      "id": 969,
      "method": "GET",
      "url": "/api/auth/me"
    }
    [35mres[39m: {
      "statusCode": 401
    }
    [35mresponseTime[39m: 0
[18:57:12.909] [32mINFO[39m (38344): [36mrequest completed[39m
    [35mreq[39m: {
      "id": 970,
      "method": "GET",
      "url": "/api/auth/status"
    }
    [35mres[39m: {
      "statusCode": 200
    }
    [35mresponseTime[39m: 0
[18:57:19.816] [32mINFO[39m (38344): [36mrequest completed[39m
    [35mreq[39m: {
      "id": 971,
      "method": "GET",
      "url": "/api/auth/status"
    }
    [35mres[39m: {
      "statusCode": 200
    }
    [35mresponseTime[39m: 0
[18:57:25.816] [32mINFO[39m (38344): [36mrequest completed[39m
    [35mreq[39m: {
      "id": 972,
      "method": "GET",
      "url": "/api/auth/status"
    }
    [35mres[39m: {
      "statusCode": 200
    }
    [35mresponseTime[39m: 1
[18:57:31.821] [32mINFO[39m (38344): [36mrequest completed[39m
    [35mreq[39m: {
      "id": 973,
      "method": "GET",
      "url": "/api/auth/status"
    }
    [35mres[39m: {
      "statusCode": 200
    }
    [35mresponseTime[39m: 1
[18:57:37.817] [32mINFO[39m (38344): [36mrequest completed[39m
    [35mreq[39m: {
      "id": 974,
      "method": "GET",
      "url": "/api/auth/status"
    }
    [35mres[39m: {
      "statusCode": 200
    }
    [35mresponseTime[39m: 0
[18:57:44.122] [32mINFO[39m (38344): [36mrequest completed[39m
    [35mreq[39m: {
      "id": 975,
      "method": "GET",
      "url": "/api/auth/status"
    }
    [35mres[39m: {
      "statusCode": 200
    }
    [35mresponseTime[39m: 1
[18:57:48.912] [32mINFO[39m (38344): [36mrequest completed[39m
    [35mreq[39m: {
      "id": 976,
      "method": "GET",
      "url": "/api/auth/status"
    }
    [35mres[39m: {
      "statusCode": 200
    }
    [35mresponseTime[39m: 0
[18:57:56.122] [32mINFO[39m (38344): [36mrequest completed[39m
    [35mreq[39m: {
      "id": 977,
      "method": "GET",
      "url": "/api/auth/status"
    }
    [35mres[39m: {
      "statusCode": 200
    }
    [35mresponseTime[39m: 0
[18:58:01.810] [32mINFO[39m (38344): [36mrequest completed[39m
    [35mreq[39m: {
      "id": 978,
      "method": "GET",
      "url": "/api/auth/status"
    }
    [35mres[39m: {
      "statusCode": 200
    }
    [35mresponseTime[39m: 0
[18:58:08.125] [32mINFO[39m (38344): [36mrequest completed[39m
    [35mreq[39m: {
      "id": 979,
      "method": "GET",
      "url": "/api/auth/status"
    }
    [35mres[39m: {
      "statusCode": 200
    }
    [35mresponseTime[39m: 0
[18:58:13.810] [32mINFO[39m (38344): [36mrequest completed[39m
    [35mreq[39m: {
      "id": 980,
      "method": "GET",
      "url": "/api/auth/status"
    }
    [35mres[39m: {
      "statusCode": 200
    }
    [35mresponseTime[39m: 0
[18:58:20.126] [32mINFO[39m (38344): [36mrequest completed[39m
    [35mreq[39m: {
      "id": 981,
      "method": "GET",
      "url": "/api/auth/status"
    }
    [35mres[39m: {
      "statusCode": 200
    }
    [35mresponseTime[39m: 0
[18:58:25.822] [32mINFO[39m (38344): [36mrequest completed[39m
    [35mreq[39m: {
      "id": 982,
      "method": "GET",
      "url": "/api/auth/status"
    }
    [35mres[39m: {
      "statusCode": 200
    }
    [35mresponseTime[39m: 1
[18:58:32.121] [32mINFO[39m (38344): [36mrequest completed[39m
    [35mreq[39m: {
      "id": 983,
      "method": "GET",
      "url": "/api/auth/status"
    }
    [35mres[39m: {
      "statusCode": 200
    }
    [35mresponseTime[39m: 0
[18:58:37.819] [32mINFO[39m (38344): [36mrequest completed[39m
    [35mreq[39m: {
      "id": 984,
      "method": "GET",
      "url": "/api/auth/status"
    }
    [35mres[39m: {
      "statusCode": 200
    }
    [35mresponseTime[39m: 0
[18:58:43.807] [32mINFO[39m (38344): [36mrequest completed[39m
    [35mreq[39m: {
      "id": 985,
      "method": "GET",
      "url": "/api/auth/status"
    }
    [35mres[39m: {
      "statusCode": 200
    }
    [35mresponseTime[39m: 0
[18:58:49.819] [32mINFO[39m (38344): [36mrequest completed[39m
    [35mreq[39m: {
      "id": 986,
      "method": "GET",
      "url": "/api/auth/status"
    }
    [35mres[39m: {
      "statusCode": 200
    }
    [35mresponseTime[39m: 0
[18:59:14.139] [32mINFO[39m (38344): [36mrequest completed[39m
    [35mreq[39m: {
      "id": 987,
      "method": "GET",
      "url": "/api/auth/status"
    }
    [35mres[39m: {
      "statusCode": 200
    }
    [35mresponseTime[39m: 1
[19:00:13.836] [32mINFO[39m (38344): [36mrequest completed[39m
    [35mreq[39m: {
      "id": 988,
      "method": "GET",
      "url": "/api/auth/status"
    }
    [35mres[39m: {
      "statusCode": 200
    }
    [35mresponseTime[39m: 1
[19:01:13.822] [32mINFO[39m (38344): [36mrequest completed[39m
    [35mreq[39m: {
      "id": 989,
      "method": "GET",
      "url": "/api/auth/status"
    }
    [35mres[39m: {
      "statusCode": 200
    }
    [35mresponseTime[39m: 0
[19:02:14.129] [32mINFO[39m (38344): [36mrequest completed[39m
    [35mreq[39m: {
      "id": 990,
      "method": "GET",
      "url": "/api/auth/status"
    }
    [35mres[39m: {
      "statusCode": 200
    }
    [35mresponseTime[39m: 1
[19:02:35.713] [32mINFO[39m (38344): [36mrequest completed[39m
    [35mreq[39m: {
      "id": 991,
      "method": "GET",
      "url": "/api/auth/status"
    }
    [35mres[39m: {
      "statusCode": 200
    }
    [35mresponseTime[39m: 0
[19:02:37.227] [32mINFO[39m (38344): [36mrequest completed[39m
    [35mreq[39m: {
      "id": 992,
      "method": "GET",
      "url": "/api/auth/status"
    }
    [35mres[39m: {
      "statusCode": 200
    }
    [35mresponseTime[39m: 0
[19:02:42.914] [32mINFO[39m (38344): [36mrequest completed[39m
    [35mreq[39m: {
      "id": 993,
      "method": "GET",
      "url": "/api/auth/status"
    }
    [35mres[39m: {
      "statusCode": 200
    }
    [35mresponseTime[39m: 0
[19:02:49.226] [32mINFO[39m (38344): [36mrequest completed[39m
    [35mreq[39m: {
      "id": 994,
      "method": "GET",
      "url": "/api/auth/status"
    }
    [35mres[39m: {
      "statusCode": 200
    }
    [35mresponseTime[39m: 1
[19:02:54.920] [32mINFO[39m (38344): [36mrequest completed[39m
    [35mreq[39m: {
      "id": 995,
      "method": "GET",
      "url": "/api/auth/status"
    }
    [35mres[39m: {
      "statusCode": 200
    }
    [35mresponseTime[39m: 1
[19:03:01.217] [32mINFO[39m (38344): [36mrequest completed[39m
    [35mreq[39m: {
      "id": 996,
      "method": "GET",
      "url": "/api/auth/status"
    }
    [35mres[39m: {
      "statusCode": 200
    }
    [35mresponseTime[39m: 0
